LANGUAGE NAME(8 max),English,Nederlands,Deutsch,Svenska,Italiano,Espanol,Francais
LANGUAGE FLAG(8 max),1,2,3,4,5,6,7
feText_Version,<>,<>,<>,<>,<>,<>,<>
feText_Copyright,STUNT GP (C)2001 TEAM17 SOFTWARE LTD.|Stunt GP and Team17 are registered trademarks of Team17 Software Limited.,Stunt GP (C)2001 Team17 Software.|Stunt GP en Team17 zijn gedeponeerde handelsmerken|van Team17 Software Limited.,Stunt GP (C)2001 Team17 Software.|Stunt GP und Team17 sind eingetragene Warenzeichen|von Team 17 Software Limited.,Stunt GP (C)2001 Team17 Software.|Stunt GP och Team17 är registrerade varumärken|som tillhör Team17 Software Limited.,Stunt GP (C)2001 Team17 Software.|Stunt GP e Team17 sono marchi registrati|di Team17 Software Limited.,Stunt GP (C)2001 Team17 Software.|Stunt GP y Team17 son marcas comerciales registradas|de Team17 Software Limited.,Stunt GP (C)2001 Team17 Software.|Stunt GP et Team17 sont des marques déposées|de Team17 Software Limited.
feText_Result1st,1st,1e,1,1:a,1,1,1er
feText_Result2nd,2nd,2e,2,2:a,2,2,2ème
feText_Result3rd,3rd,3e,3,3:a,3,3,3ème
feText_Result4th,4th,4e,4,4:a,4,4,4ème
feText_Result5th,5th,5e,5,5:a,5,5,5ème
feText_Result6th,6th,6e,6,6:a,6,6,6ème
feText_InfoRecords,Records,Records,Rekorde,Statistik,Record,Records,Records
feText_InfoTrack,Track,Baan,Kurs,Bana,Pista,Pista,Piste
feText_InfoGhost,Image,Beeld,Video,V-rek.,Ghost,Img,Image
feText_InfoLap,Lap,Ronde,Runde,Varv,Giro,Vuelta,Tour
feText_InfoRace,Race,Race,Rennen,Lopp,Corsa,Carrera,Crse
feText_InfoStunt,Stunt,Stunt,Stunt,Stunt,Stunt,Stunt,Figure
feText_ArcadePos,POS,Pos,Pos,Plac.,Pos,Pos,Pos
feText_ArcadeName,NAME,Naam,Name,Namn,Nome,Nbre,Nom
feText_ArcadeLap,LAP-TIME,Rondetijd,Runde,Varvtid,T-Giro,T.Vuelta,Tour
feText_ArcadeAero,AERO-MILES,Aeromiles,Flugmeilen,Flygpoäng,Aeromiglia,A.Millas,Aero-Miles
feText_ArcadeRace,RACE-TIME,Racetijd,Rennen,Lopptid,T-Gara,T.Carrera,Course
feText_ArcadeScore,SCORE:,Score :,Punkte :,Poäng :,Punteggio :,Puntuación :,Score :
feText_ArcadeAwardPosition,POSITION:,Positie :,Position :,Placering :,Posizione :,Posición :,Position :
feText_ArcadeAwardLap,LAP-TIME:,Rondetijd :,Rundenzeit :,Varvtid :,Tempo sul Giro :,Tiempo de Vuelta :,Tour :
feText_ArcadeAwardRace,RACE-TIME:,Racetijd :,Rennzeit :,Lopptid :,Tempo di Gara :,Tiempo de Carrera :,Course :
feText_ArcadeAwardStunt,STUNTS:,Stunts :,Stunts :,Stunts :,Evoluzioni :,Stunt :,Cascades :
feText_ArcadeAwardAeroMiles,AERO-MILES:,Aeromiles :,Flugmeilen :,Flygpoäng :,Aeromiglia :,Aeromillas :,Aero-Miles :
feText_AreYouSure,ARE YOU SURE?,ZEKER WETEN?,SICHER?,SÄKER?,SICURO?,SEGURO?,CONFIRMEZ?
feText_Yes,YES,JA,JA,JA,SÌ,SÍ,OUI
feText_No,NO,NEE,NEIN,NEJ,NO,NO,NON
feText_Ok,OK,OK,OK,OK,OK,OK,OK
feText_Race,RACE,RACE,RENNEN,LOPP,CORSA,CARR. ,COURIR
feText_Quit,QUIT,UIT,ENDE,AVSLUTA,ESCI,SALIR,QUITTER
feText_Next,NEXT,VOLGENDE,NÄCHSTES,NÄSTA,PROSSIMO,SIGUIENTE ,SUIVANT
feText_Dollars,$,$,$,$,$,$,$
feText_PlayerUP,%dP,%dP,%dP,%dP,%dP,%dP,%dP
feText_Stunt,STUNT,STUNT,STUNT,STUNT,STUNT,STUNT,CASCADE
feText_Grip,GRIP,GRIP,GRIP,GREPP,ADERENZA,AGARRE,ADHER.
feText_Power,POWER,VERMOGEN,ENERGIE,ENERGI,ENERGIA,POTENCIA,PUISSANCE
feText_GhostLoad,Load Race Image,Racebeeld laden,Video laden,Ladda bästa varvtid,Carica ghost,Carga imagen c.,Charger Image
feText_GhostSave,Save Race Image,Racebeeld opslaan,Video speichern,Spara bästa varvtid,Salva ghost,Guard imagen c.,Sauvegarder Image
feText_TitleContinueKeyboard,PRESS ENTER TO CONTINUE,OP ENTER DRUKKEN OM VERDER TE GAAN,DRÜCKE EINGABE ZUM FORTSETZEN,TRYCK PÅ RETUR FÖR ATT FORTSÄTTA,PREMI INVIO PER CONTINUARE,PULSA INTRO PARA CONTINUAR ,APPUYEZ SUR ENTREE POUR CONTINUER
feText_TitleContinueJoyPad,<>,<>,<>,<>,<>,<>,<>
feText_TeamTitle,SELECT TEAM SPONSOR,TEAMSPONSOR SELECTEREN,TEAMSPONSOREN WÄHLEN,VÄLJ STALLSPONSOR,SCEGLI SPONSOR DELLA SQUADRA,SELECCIONA EL PATROCINADOR DEL EQUIPO,CHOIX DU SPONSOR
feText_TeamHlp,Please select your Team Sponsor.,Selecteer je teamsponsor.,Bitte Wähle den sponsor deines teams.,Välj sponsor till ditt stall.,Per scegliere lo sponsor per la tua squadra.,Selecciona el patrocinador del equipo.,Choisissez le sponsor de votre équipe.
feText_SlotTitle,SELECT CHAMPIONSHIP SLOT,KAMPIOENSVAK SELECTEREN,MEISTERSCHAFTSPLATZ WÄHLEN,VÄLJ MÄSTERSKAPSRUTA,SCEGLI SLOT CAMPIONATO,SELECCIONA RANURA DE CAMPEONATO ,CHOISISSEZ UN EMPLACEMENT
feText_SlotContinueStr,Continue,Doorgaan,Weiter,Fortsätt,Continua,Continuar,Continuer
feText_SlotNewStr,Restart,Opnieuw,Neustart,Starta om,Riavvia,Reiniciar,Effacer
feText_SlotName1,Slot 1:,Vak 1:,Platz 1:,Ruta 1:,Slot 1:,Ran. 1:,Pos. 1 :
feText_SlotName2,Slot 2:,Vak 2:,Platz 2:,Ruta 2:,Slot 2:,Ran. 2:,Pos. 2 :
feText_SlotName3,Slot 3:,Vak 3:,Platz 3:,Ruta 3:,Slot 3:,Ran. 3:,Pos. 3 :
feText_SlotName4,Slot 4:,Vak 4:,Platz 4:,Ruta 4:,Slot 4:,Ran. 4:,Pos. 4 :
feText_SlotName5,Slot 5:,Vak 5:,Platz 5:,Ruta 5:,Slot 5:,Ran. 5:,Pos. 5 :
feText_SlotName6,Slot 6:,Vak 6:,Platz 6:,Ruta 6:,Slot 6:,Ran. 6:,Pos. 6 :
feText_SlotName7,Slot 7:,Vak 7:,Platz 7:,Ruta 7:,Slot 7:,Ran. 7:,Pos. 7 :
feText_SlotName8,Slot 8:,Vak 8:,Platz 8:,Ruta 8:,Slot 8:,Ran. 8:,Pos. 8 :
feText_SlotFree,<>,<>,<>,<>,<>,<>,<>
feText_SlotRace,Race:,Race:,Renn:,Lopp:,Gara:,Carr.:,Crse :
feText_SlotScore,Score:,Score:,Punkte:,Poäng:,Punti:,Puntos:,Score :
feText_SlotAction,Do you want to Continue the selected Campaign Season or Start a new Season in this Slot?,Wil je het geselecteerde campagneseizoen voortzetten of een nieuw seizoen in dit vak starten?,Möchtest du die gewählte Meisterschaftssaison weiterspielen oder auf diesem Platz eine neue Saison starten?,Vill du fortsätta den markerade mästerskapssäsongen eller starta|en ny säsong i denna ruta?,Vuoi proseguire la stagione selezionata o cominciare una nuova stagione nello slot prescelto?,¿Quieres continuar con la temporada de campeonato seleccionada o iniciar una nueva temporada en esta ranura?,Désirez-vous continuer la saison sélectionnée ou démarrer une nouvelle saison dans cet emplacement?
feText_SlotConfirm,Are you sure you want to begin a new Season in this Slot? Note: The existing Season will be lost when you save your Configuration.,Wil je echt een nieuw seizoen in dit vak starten? Het bestaande seizoen gaat verloren wanneer je je configuratie opslaat.,"Bist du sicher, dass du hier eine neue Saison beginnen möchtest? Hinweis: Die Daten der momentanen Saison gehen verloren.",Vill du påbörja en ny säsong i denna ruta? OBS! Nuvarande säsong kommer att skrivas över om du sparar de nya inställningarna.,Sei sicuro di voler cominciare una nuova stagione? Nota: quella esistente sarà cancellata per sempre.,¿Seguro que deseas iniciar una nueva temporada en esta ranura? Nota: La temporada existente se perderá al guardar la configuración.,Voulez-vous vraiment commencer une nouvelle saison? La saison existante sera perdue lorsque vous sauvegardez votre configuration.
feText_SlotHelpEmpty,This Slot is currently Empty.  Press ENTER to start a new Championship Season in this Slot.,Dit vak is nu leeg. Druk op ENTER om een nieuw kampioensschapsseizoen in dit vak te starten.,"Dieser Platz ist momentan leer.|Drücke die Taste EINGABE, um auf diesem|Platz eine neue Meisterschaftssaison zu starten.",Denna ruta är tom. Tryck på RETUR om du vill starta|en ny mästerskapssäsong i denna ruta.,Lo slot è attualmente vuoto. Premi INVIO per|cominciare un nuovo Campionato in questo slot.,Esta ranura está vacía. Pulsa INTRO para comenzar una|nueva temporada de campeonato en esta ranura.,Cet emplacement est vide. Appuyez sur ENTREE pour|commencer une nouvelle Saison dans cet emplacement.
feText_SlotHelpInUse,This Slot contains a saved Championship game.  Press ENTER to select this Slot.,Dit vak bevat een opgeslagen kampioenschapsspel.|Druk op ENTER om dit vak te selecteren.,Dieser Platz enthält ein gespeichertes Meisterschaftsspiel. Drücke EINGABE um diesen Platz zu wählen.,Denna ruta innehåller ett sparat mästerskap.|Tryck på RETUR om du vill markera denna ruta.,Questo slot contiene un Campionato salvato.|Premi INVIO per selezionare questo slot.,Esta ranura contiene una partida de campeonato guardada. Pulsa INTRO para seleccionar esta ranura.,Cet emplacement contient une sauvegarde de Saison.|Appuyez sur ENTREE pour sélectionner cette Saison.
feText_CampaignTitle,CHAMPIONSHIP SEASON,KAMPIOENSCHAPSSEIZOEN,MEISTERSCHAFTSSAISON,MÄSTERSKAPSSÄSONG,CAMPIONATO,TEMPORADA DE CAMPEONATO,SAISON DE CHAMPIONNAT
feText_CampaignFirstRaceStr,FIRST RACE,EERSTE RACE,ERSTES RENNEN,FÖRSTA LOPPET,PRIMA GARA,PRIMERA CARRERA ,PREMIERE COURSE
feText_CampaignNextRaceStr,NEXT RACE,VOLGENDE RACE,NÄCHSTES RENNEN,NÄSTA LOPP,PROSSIMA GARA,SIGUIENTE CARRERA ,COURSE SUIVANTE
feText_CampaignRaceHlp,Continue to the next race in the Season.,Ga naar de volgende race in het seizoen.,Weiter zum nächsten Rennen der Saison.,Gå vidare till nästa lopp.,Per passare alla prossima corsa della stagione.,Pasa a la siguiente carrera en la temporada.,Passer à la course suivante.
feText_CampaignModifyStr,MODIFY VEHICLE,VOERTUIG WIJZIGEN,FAHRZEUG MODIFIZIEREN,MODIFIERA FORDON,MODIFICA VEICOLO,MODIFICAR VEHÍCULO,MODIFIER LE VEHICULE
feText_CampaignModifyHlp,Modify your vehicle settings.,Wijzig je voertuiginstellingen.,Verändere die Einstellungen deines Fahrzeugs.,Ändra fordonets egenskaper.,Per rivedere le impostazioni della vettura.,Modificar la configuración del vehículo.,Modifiez les réglages de votre véhicule.
feText_CampaignChangeStr,CHANGE VEHICLE,ANDER VOERTUIG,FAHRZEUG WECHSELN,BYTA FORDON,CAMBIA VEICOLO,CAMBIAR VEHÍCULO,CHANGER DE VEHICULE
feText_CampaignChangeHlp,Sell your existing vehicle and purchase a new one.,Verkoop je bestaande voertuig en schaf een nieuw voertuig aan.,Verkaufe dein momentanes Fahrzeug und kaufe ein neues.,Sälj fordonet och köp ett nytt.,Per vendere la tua vettura o comprarne una nuova.,Vende tu vehículo y compra uno nuevo.,Vendez votre véhicule actuel pour en acheter un neuf.
feText_CampaignSaveStr,SAVE SEASON,SEIZOEN OPSLAAN,SAISON SPEICHERN,SPARA SÄSONG,SALVA STAGIONE,GUARDAR TEMPORADA,SAUVERGARDE SAISON
feText_CampaignSaveHlp,Save your current Championship status.,Sla je huidige kampioenschapsstatus op.,Speicher deinen momentanen Rang in der Meisterschaft.,Spara mästerskapsplacering.,Per salvare il Campionato in corso.,Guarda tu estado de campeonato actual.,Sauvegardez le Championnat actuel.
feText_CampaignQuitStr,QUIT,UIT,VERLASSEN,AVSLUTA,ESCI,SALIR,QUITTER
feText_CampaignQuitHlp,Quit the current Championship Season,Verlaat het huidige kampioenschapsseizoen.,Verlässt die momentane Meisterschaftssaison,Avsluta mästerskapssäsong,Per abbandonare il Campionato in corso.,Salir de la temporada de campeonato actual ,Quittez la saison de Championnat actuelle.
feText_CampaignStandings,Current Standings (Round %d of %d),Huidige stand (ronde %d van %d),Akt. Reihenfolge (Runde %d von %d),Aktuell ställning (deltävling %d av %d),Classifica attuale (Gara %d di %d),Estado actual (Ronda %d de %d),Classement actuel (Round %d sur %d)
feText_CampaignStatus,Current Team Status,Huidige teamstatus,Momentaner Teamstatus,Aktuell stallplacering,Situazione attuale squadra,Estado actual del equipo,Statut de l'équipe
feText_CampaignCPU,CP%d,CP%d,CP%d,CP%d,CP%d,CP%d,CP%d
feText_CampaignNAME,NAME,Naam,Name,Namn,Nome,Nombre,Nom
feText_CampaignTEAM,TEAM,Team,Team,Stall,Squadra,Equipo,Equipo
feText_CampaignWON,WON,Zege,Siege,Segrar,Vit,Ganar,Vict.
feText_CampaignSCORE,SCORE,Score,Punkte,Poäng,Punti,Puntos,Score
feText_CampaignSTART,START,Start,Start,Start,Via,Inicio,Start
feText_CampaignFunds,Credits:,Credits:,Credits:,Bonuspoäng:,Crediti:,Créditos:,Crédits :
feText_CampaignVehicle,Vehicle:,Voertuig:,Fahrzeug:,Fordon:,Veicolo:,Vehículo:,Véhicule :
feText_MainTitle,MAIN MENU,HOOFDMENU,HAUPTMENÜ,HUVUDMENY,MENU PRINCIPALE,MENÚ PRINCIPAL,MENU PRINCIPAL
feText_MainSingleStr,SINGLE PLAYER,ÉÉN SPELER,EINZELSPIELER,SINGLEPLAYER,GIOCATORE SINGOLO,UN SOLO JUGADOR,JEU SOLO
feText_MainSingleHlp,Select a Single Player game.,Selecteer eenspelerspel.,Wählt ein Einzelspieler-Spiel.,Välj ett Singleplayer-spel.,Per iniziare una partita in singolo.,Selecciona una partida de un solo jugador,Sélectionnez un mode de jeu solo
feText_MainMultiStr,MULTI PLAYER,MEERSPELER,MEHRSPIELER,MULTIPLAYER,MULTIGIOCATORE,MULTIJUGADOR,MULTIJOUEUR
feText_MainMultiHlp,Select a Multi Player game.,Selecteer een meerspelerspel.,Wählt ein Mehrspieler-Spiel.,Välj ett Multiplayer-spel.,Per iniziare una partita multigiocatore.,Selecciona una partida de multijugador,Sélectionnez un mode de jeu multijoueur
feText_MainRecordsStr,RECORDS,RECORDS,AUFZEICHNUNGEN,STATISTIK,RECORD,RECORDS,RECORDS
feText_MainRecordsHlp,View Stunt GP records and statistics.,Bekijk Stunt GP-records en statistieken.,Stunt GP-Aufzeichungen und Statistiken anschauen.,Studera statistik i Stunt GP.,Per visualizzare i record di Stunt GP.,Ver los records y estadísticas de Stunt GP.,Consultez les records et les statistiques de Stunt GP.
feText_MainCatalogueStr,CATALOGUE,CATALOGUS,KATALOG,KATALOG,CATALOGO,CATÁLOGO,CATALOGUE
feText_MainCatalogueHlp,View the Stunt GP component catalogue.,Bekijk de Stunt GP-onderdeelcatalogus.,Den Katalog der Komponenten in Stunt GP anschauen.,Studera komponentkatalogen i Stunt GP.,Per visualizzare i componenti di Stunt GP.,Ver el catálogo de componentes de Stunt GP ,Consultez le catalogue de composants Stunt GP.
feText_MainOptionStr,OPTIONS,OPTIES,OPTIONEN,ALTERNATIV,OPZIONI,OPCIONES,OPTIONS
feText_MainOptionHlp,Configure Stunt GP options.,Configureer Stunt GP-opties.,Optionen von Stunt GP einstellen.,Konfigurera Stunt GP.,Per configurare le opzioni di Stunt GP.,Configura las opciones de Stunt GP.,Configurez les options de Stunt GP.
feText_OptionsTitle,OPTIONS,OPTIES,OPTIONEN,ALTERNATIV,OPZIONI,OPCIONES,OPTIONS
feText_OptionsCFGTitle,SAVE MENU,OPSLAAN-MENU,SPEICHERN-MENÜ,SPARA-MENY,MENU SALVA,MENÚ DE GUARDAR.,MENU SAUVERGARDE
feText_OptionsCFGStr,SAVE OPTIONS,OPSLAAN-OPTIES,SPEICHERN-OPTIONEN,SPARA-ALTERNATIV,OPZIONI SALVA,OPCIONES DE GUARDAR,OPTIONS SAUVERGARDE
feText_OptionsCFGHlp,Game Configuration Options.,Spelconfiguratieopties.,Optionen der Spielkonfiguration,Spelinställningar,Per le opzioni di configurazione di gioco.,Opciones de configuración del juego.,Configuration des options de jeu.
feText_OptionsSNDTitle,AUDIO MENU,GELUIDSMENU,SOUND,LJUD,MENU AUDIO,MENÚ DE AUDIO ,MENU SON
feText_OptionsSNDStr,AUDIO OPTIONS,GELUIDSOPTIES,SOUNDOPTIONEN,LJUDALTERNATIV,OPZIONI AUDIO,OPCIONES DE AUDIO ,OPTIONS SONORES
feText_OptionsSNDHlp,Adjust Audio Options.,Pas geluidsopties aan.,Soundoptionen einstellen.,Ställ in ljudalternativ.,Per regolare le opzioni audio.,Ajustar las opciones de audio.,Modifiez les options sonores.
feText_OptionsVIDTitle,VIDEO MENU,VIDEOMENU,GRAFIKMENÜ,GRAFIK,MENU VIDEO,MENÚ DE VÍDEO,MENU VIDEO
feText_OptionsVIDStr,VIDEO OPTIONS,VIDEO-OPTIES,GRAFIKOPTIONEN,GRAFIKALTERNATIV,OPZIONI VIDEO,OPCIONES DE VÍDEO,OPTIONS VIDEO
feText_OptionsVIDHlp,Adjust Display Settings.,Pas beeldinstellingen aan.,Darstellungsweise einstellen.,Anpassa skärminställningarna.,Per regolare le opzioni video.,Ajustar la configuración de la pantalla.,Modifiez les paramètres d'affichage.
feText_OptionsCTLTitle,CONTROLLER MENU,CONTROLLERMENU,CONTROLLERMENÜ,STYRENHETER,MENU CONTROLLER,MENÚ DEL MANDO DE CONTROL ,MENU MANETTE
feText_OptionsCTLStr,CONTROLLER OPTIONS,CONTROLLEROPTIES,CONTROLLEROPTIONEN,STYRENHETSALTERNATIV,OPZIONI CONTROLLER,OPCIONES DE CONTROL,OPTIONS DE CONTRÔLE
feText_OptionsCTLHlp,Adjust Controller Configuration.,Pas controllerconfiguratie aan.,Controller konfigurieren.,Konfigurera styrenheter,Per modificare la configurazione del Controller.,Ajustar la configuración del mando de control.,Modifiez les options de contrôle.
feText_OptionsMusic00Str,MUSIC VOLUME OFF,MUZIEKVOLUME UIT,MUSIKLAUTSTÄRKE AUS,MUSIKVOLYM AV,VOLUME MUSICA OFF,VOL.DE MÚSICA: NO,VOLUME MUSIQUE : 0%
feText_OptionsMusic01Str,MUSIC VOLUME: 10%,MUZIEKVOLUME: 10%,MUSIKLAUTSTÄRKE: 10%,MUSIKVOLYM: 10 %,VOLUME MUSICA: 10%,VOL. MÚSICA: 10%,VOLUME MUSIQUE : 10%
feText_OptionsMusic02Str,MUSIC VOLUME: 20%,MUZIEKVOLUME: 20%,MUSIKLAUTSTÄRKE: 20%,MUSIKVOLYM: 20 %,VOLUME MUSICA: 20%,VOL. MÚSICA: 20%,VOLUME MUSIQUE : 20%
feText_OptionsMusic03Str,MUSIC VOLUME: 30%,MUZIEKVOLUME: 30%,MUSIKLAUTSTÄRKE: 30%,MUSIKVOLYM: 30 %,VOLUME MUSICA: 30%,VOL. MÚSICA: 30%,VOLUME MUSIQUE : 30%
feText_OptionsMusic04Str,MUSIC VOLUME: 40%,MUZIEKVOLUME: 40%,MUSIKLAUTSTÄRKE: 40%,MUSIKVOLYM: 40 %,VOLUME MUSICA: 40%,VOL. MÚSICA: 40%,VOLUME MUSIQUE : 40%
feText_OptionsMusic05Str,MUSIC VOLUME: 50%,MUZIEKVOLUME: 50%,MUSIKLAUTSTÄRKE: 50%,MUSIKVOLYM: 50 %,VOLUME MUSICA: 50%,VOL. MÚSICA: 50%,VOLUME MUSIQUE : 50%
feText_OptionsMusic06Str,MUSIC VOLUME: 60%,MUZIEKVOLUME: 60%,MUSIKLAUTSTÄRKE: 60%,MUSIKVOLYM: 60 %,VOLUME MUSICA: 60%,VOL. MÚSICA: 60%,VOLUME MUSIQUE : 60%
feText_OptionsMusic07Str,MUSIC VOLUME: 70%,MUZIEKVOLUME: 70%,MUSIKLAUTSTÄRKE: 70%,MUSIKVOLYM: 70 %,VOLUME MUSICA: 70%,VOL. MÚSICA: 70%,VOLUME MUSIQUE : 70%
feText_OptionsMusic08Str,MUSIC VOLUME: 80%,MUZIEKVOLUME: 80%,MUSIKLAUTSTÄRKE: 80%,MUSIKVOLYM: 80 %,VOLUME MUSICA: 80%,VOL. MÚSICA: 80%,VOLUME MUSIQUE : 80%
feText_OptionsMusic09Str,MUSIC VOLUME: 90%,MUZIEKVOLUME: 90%,MUSIKLAUTSTÄRKE: 90%,MUSIKVOLYM: 90 %,VOLUME MUSICA: 90%,VOL. MÚSICA: 90%,VOLUME MUSIQUE : 90%
feText_OptionsMusic10Str,MUSIC VOLUME: 100%,MUZIEKVOLUME: 100%,MUSIKLAUTSTÄRKE: 100%,MUSIKVOLYM: 100 %,VOLUME MUSICA: 100%,VOL. MÚSICA: 100%,VOLUME MUSIQUE : 100%
feText_OptionsMusicHlp,Adjust the Music volume.,Pas muziekvolume aan.,Musiklautstärke einstellen.,Justera musikvolymen.,Regola volume musica.,Ajustar el volumen de la música.,Modifier le volume des musiques
feText_OptionsEffect00Str,SOUND EFFECTS OFF,GELUIDSEFFECTEN UIT,SOUNDEFFEKTE AUS,LJUDEFFEKTER AV,VOLUME EFFETTI OFF,EF. SONIDO: NO ,VOLUME EFFETS : 0%
feText_OptionsEffect01Str,EFFECTS VOLUME 10%,EFFECTENVOLUME 10%,EFFEKTLAUTSTÄRKE 10%,EFFEKTVOLYM 10 %,VOLUME EFFETTI: 10%,VOL. EFECTOS 10%,VOLUME EFFETS : 10%
feText_OptionsEffect02Str,EFFECTS VOLUME 20%,EFFECTENVOLUME 20%,EFFEKTLAUTSTÄRKE 20%,EFFEKTVOLYM 20 %,VOLUME EFFETTI: 20%,VOL. EFECTOS 20%,VOLUME EFFETS : 20%
feText_OptionsEffect03Str,EFFECTS VOLUME 30%,EFFECTENVOLUME 30%,EFFEKTLAUTSTÄRKE 30%,EFFEKTVOLYM 30 %,VOLUME EFFETTI: 30%,VOL. EFECTOS 30%,VOLUME EFFETS : 30%
feText_OptionsEffect04Str,EFFECTS VOLUME 40%,EFFECTENVOLUME 40%,EFFEKTLAUTSTÄRKE 40%,EFFEKTVOLYM 40 %,VOLUME EFFETTI: 40%,VOL. EFECTOS 40%,VOLUME EFFETS : 40%
feText_OptionsEffect05Str,EFFECTS VOLUME 50%,EFFECTENVOLUME 50%,EFFEKTLAUTSTÄRKE 50%,EFFEKTVOLYM 50 %,VOLUME EFFETTI: 50%,VOL. EFECTOS 50%,VOLUME EFFETS : 50%
feText_OptionsEffect06Str,EFFECTS VOLUME 60%,EFFECTENVOLUME 60%,EFFEKTLAUTSTÄRKE 60%,EFFEKTVOLYM 60 %,VOLUME EFFETTI: 60%,VOL. EFECTOS 60%,VOLUME EFFETS : 60%
feText_OptionsEffect07Str,EFFECTS VOLUME 70%,EFFECTENVOLUME 70%,EFFEKTLAUTSTÄRKE 70%,EFFEKTVOLYM 70 %,VOLUME EFFETTI: 70%,VOL. EFECTOS 70%,VOLUME EFFETS : 70%
feText_OptionsEffect08Str,EFFECTS VOLUME 80%,EFFECTENVOLUME 80%,EFFEKTLAUTSTÄRKE 80%,EFFEKTVOLYM 80 %,VOLUME EFFETTI: 80%,VOL. EFECTOS 80%,VOLUME EFFETS : 80%
feText_OptionsEffect09Str,EFFECTS VOLUME 90%,EFFECTENVOLUME 90%,EFFEKTLAUTSTÄRKE 90%,EFFEKTVOLYM 90 %,VOLUME EFFETTI: 90%,VOL. EFECTOS 90%,VOLUME EFFETS : 90%
feText_OptionsEffect10Str,EFFECTS VOLUME 100%,EFFECTENVOLUME 100%,EFFEKTLAUTSTÄRKE 100%,EFFEKTVOLYM 100 %,VOLUME EFFETTI: 100%,VOL. EFECTOS 100%,VOLUME EFFETS : 100%
feText_OptionsEffectHlp,Adjust the Sound Effects volume.,Pas geluidseffectenvolume aan.,Stellt die Lautstärke der Soundeffekte ein.,Justera volymen på ljudeffekter.,Regola volume effetti.,Ajustar el volumen de los efectos sonoros.,Modifier le volume des effets sonores
feText_OptionsDetail00Str,DETAIL LEVEL: MINIMUM,DETAILNIVEAU: MINIMUM,DETAILLEVEL: MINIMAL,DETALJRIKEDOM: MINIMAL,LIVELLO DETTAGLIO: MINIMO,NIVEL DE DETALLE: MÍNIMO,NIVEAU DE DETAIL : MIN
feText_OptionsDetail01Str,DETAIL LEVEL: 10%,DETAILNIVEAU: 10%,DETAILLEVEL: 10%,DETALJRIKEDOM: 10 %,LIVELLO DETTAGLIO: 10%,NIVEL DE DETALLE: 10%,NIVEAU DE DETAIL : 10%
feText_OptionsDetail02Str,DETAIL LEVEL: 20%,DETAILNIVEAU: 20%,DETAILLEVEL: 20%,DETALJRIKEDOM: 20 %,LIVELLO DETTAGLIO: 20%,NIVEL DE DETALLE: 20%,NIVEAU DE DETAIL : 20%
feText_OptionsDetail03Str,DETAIL LEVEL: 30%,DETAILNIVEAU: 30%,DETAILLEVEL: 30%,DETALJRIKEDOM: 30 %,LIVELLO DETTAGLIO: 30%,NIVEL DE DETALLE: 30%,NIVEAU DE DETAIL : 30%
feText_OptionsDetail04Str,DETAIL LEVEL: 40%,DETAILNIVEAU: 40%,DETAILLEVEL: 40%,DETALJRIKEDOM: 40 %,LIVELLO DETTAGLIO: 40%,NIVEL DE DETALLE: 40%,NIVEAU DE DETAIL : 40%
feText_OptionsDetail05Str,DETAIL LEVEL: 50%,DETAILNIVEAU: 50%,DETAILLEVEL: 50%,DETALJRIKEDOM: 50 %,LIVELLO DETTAGLIO: 50%,NIVEL DE DETALLE: 50%,NIVEAU DE DETAIL : 50%
feText_OptionsDetail06Str,DETAIL LEVEL: 60%,DETAILNIVEAU: 60%,DETAILLEVEL: 60%,DETALJRIKEDOM: 60 %,LIVELLO DETTAGLIO: 60%,NIVEL DE DETALLE: 60%,NIVEAU DE DETAIL : 60%
feText_OptionsDetail07Str,DETAIL LEVEL: 70%,DETAILNIVEAU: 70%,DETAILLEVEL: 70%,DETALJRIKEDOM: 70 %,LIVELLO DETTAGLIO: 70%,NIVEL DE DETALLE: 70%,NIVEAU DE DETAIL : 70%
feText_OptionsDetail08Str,DETAIL LEVEL: 80%,DETAILNIVEAU: 80%,DETAILLEVEL: 80%,DETALJRIKEDOM: 80 %,LIVELLO DETTAGLIO: 80%,NIVEL DE DETALLE: 80%,NIVEAU DE DETAIL : 80%
feText_OptionsDetail09Str,DETAIL LEVEL: 90%,DETAILNIVEAU: 90%,DETAILLEVEL: 90%,DETALJRIKEDOM: 90 %,LIVELLO DETTAGLIO: 90%,NIVEL DE DETALLE: 90%,NIVEAU DE DETAIL : 90%
feText_OptionsDetail10Str,DETAIL LEVEL: 100%,DETAILNIVEAU: 100%,DETAILLEVEL: 100%,DETALJRIKEDOM: 100 %,LIVELLO DETTAGLIO: 100%,NIVEL DE DETALLE: 100%,NIVEAU DE DETAIL : 100%
feText_OptionsDetailHlp,Adjust graphic effect detail level.,Pas detailniveau van grafische effecten aan.,Stellt die Grafikdetails ein.,Justera detaljrikedomen på grafiken.,Per regolare il livello di dettaglio grafico.,Ajustar el nivel de detalle de los efectos gráficos.,Modifier le niveau de détail des graphismes
feText_OptionsStereoONStr,<>,<>,<>,<>,<>,<>,<>
feText_OptionsStereoOFFStr,<>,<>,<>,<>,<>,<>,<>
feText_OptionsStereoHlp,<>,<>,<>,<>,<>,<>,<>
feText_OptionsLoadStr,LOAD DATA,GEGEVENS LADEN,DATEN LADEN,LADDA DATA,CARICA DATI,CARGAR DATOS,CHARGER DONNEES
feText_OptionsLoadHlp,Load Stunt GP Data.,Laad Stunt GP-gegevens.,Lädt Stunt GP-Daten.,Ladda Stunt GP.,Per caricare i dati di Stunt GP.,Cargar los datos de Stunt GP.,Charger des données de Stunt GP.
feText_OptionsSaveStr,SAVE DATA,GEGEVENS OPSLAAN,DATEN SPEICHERN,SPARA DATA,SALVA DATI,GUARDAR DATOS,SAUVEGARDER DONNEES
feText_OptionsSaveHlp,Save the current Stunt GP Data.,Sla huidige Stunt GP-gegevens op.,Speichert die momentanen Stunt GP-Daten.,Spara Stunt GP-data.,Per salvare i dati di Stunt GP.,Guardar los datos actuales de Stunt GP.,Charger sauvegarder les données de Stunt GP.
feText_OptionsAutoOnStr,AUTOSAVE: ON,AUTOSAVE: AAN,AUTOSPEICHERN: AN,AUTOSPARA: PÅ,SALV. AUTOM.: ON,AUTOGUARDADO: SÍ,SAUVEGARDE AUTO : OUI
feText_OptionsAutoOffStr,AUTOSAVE: OFF,AUTOSAVE: UIT,AUTOSPEICHERN: AUS,AUTOSPARA: AV,SALV. AUTOM.: OFF,AUTOGUARDADO: NO,SAUVEGARDE AUTO : NON
feText_OptionsAutoHlp,Toggle Automatic update of Data and Records.,Zet automatisch bijwerken van gegevens en records aan/uit.,Auto-Aktualisierung von Daten und Rekorden ein-/ausschalten.,Aktivera/avaktivera automatisk uppdatering av data och statistik.,Per attivare l'aggiornamento automatico di dati e record.,Alternar automáticamente la actualización de datos y records.,Activez la sauvegarde auto des données et records.
feText_OptionsLanguageStr,SELECT LANGUAGE,TAAL SELECTEREN,SPRACHE WÄHLEN,VÄLJ SPRÅK,IMPOSTA LINGUA,SELECCIONAR IDIOMA,CHOIX DE LA LANGUE
feText_OptionsLanguageHlp,Change your current Language selection.,Wijzig je huidige taalselectie.,Ändert die momentane Sprachwahl.,Ändra språk.,Per cambiare la lingua utilizzata.,Cambiar la selección del idioma actual.,Modifiez la langue du jeu.
feText_OptionsAlignStr,<>,<>,<>,<>,<>,<>,<>
feText_OptionsAlignHlp,<>,<>,<>,<>,<>,<>,<>
feText_OptionsRefreshStr,<>,<>,<>,<>,<>,<>,<>
feText_OptionsRefreshHlp,<>,<>,<>,<>,<>,<>,<>
feText_OptionsBitmapsStr,VIEW BITMAPS,BITMAPS BEKIJKEN,GRAFIKEN ANSCHAUEN,VISA BITMAPPAR,VISUALIZZA BITMAP,VER BITMAPS,VOIR BITMAPS
feText_OptionsBitmapsHlp,View Internal Bitmaps,Bekijk interne bitmaps.,Grafiken des Spiels anschauen,Visa interna bitmappar,Per visualizzare le bitmap interne.,Ver bitmaps internos,Consultez les bitmaps internes.
feText_RefreshTitle,<>,<>,<>,<>,<>,<>,<>
feText_Refresh50Str,<>,<>,<>,<>,<>,<>,<>
feText_Refresh50Hlp,<>,<>,<>,<>,<>,<>,<>
feText_Refresh60Str,<>,<>,<>,<>,<>,<>,<>
feText_Refresh60Hlp,<>,<>,<>,<>,<>,<>,<>
feText_RefreshTestStr,<>,<>,<>,<>,<>,<>,<>
feText_RefreshTestHlp,<>,<>,<>,<>,<>,<>,<>
feText_RefreshTestMIN,<>,<>,<>,<>,<>,<>,<>
feText_RefreshTestTitle,<>,<>,<>,<>,<>,<>,<>
feText_RefreshTestWarning,<>,<>,<>,<>,<>,<>,<>
feText_RefreshTestTesting,<>,<>,<>,<>,<>,<>,<>
feText_RefreshTestResult,<>,<>,<>,<>,<>,<>,<>
feText_RefreshTestMAX,<>,<>,<>,<>,<>,<>,<>
feText_SingleTitle,SINGLE PLAYER,ÉÉN SPELER,EINZELSPIELER,SINGLEPLAYER,GIOCATORE SINGOLO,UN SOLO JUGADOR,JEU SOLO
feText_SingleArcadeStr,ARCADE,ARCADE,ARCADE,ARKAD,ARCADE,ARCADE,ARCADE
feText_SingleArcadeHlp,Quick Race Action.,Snelle-raceactie.,Rennen pur!,Snabb racingaction.,Per scendere subito in pista.,Acción de carrera rápida.,Lancez-vous rapidement dans la course.
feText_SinglePracticeStr,EXHIBITION,SHOW,EINZELRENNEN,UPPVISNING,ESIBIZIONE,EXHIBICIÓN,EXHIBITION
feText_SinglePracticeHlp,Configure your own Race details.,Configureer je eigen racedetails.,Stelle deine eigenen Renndetails zusammen.,Utforma ditt eget lopp.,Per configurare i propri dettagli di gara.,Configurar los detalles de tu propia carrera.,Configurer votre propre course.
feText_SingleTimeTrialStr,TIME TRIAL,TIJDRIT,ZEITFAHREN,TIDSTRÄNING,SFIDA SUL TEMPO,ENSAYO DE TIEMPO,CONTRE LA MONTRE
feText_SingleTimeTrialHlp,Race the Clock.,Race tegen de klok.,Rennen gegen die Uhr.,Tävla mot klockan.,Per correre contro il cronometro.,Carrera contrarreloj.,Affrontez le chronomètre.
feText_SingleStuntTrialStr,STUNT CHALLENGE,STUNTUITDAGING,STUNT-MODUS,STUNTUTMANINGEN,SFIDA ACROBATICA,DESAFÍO DE STUNT,CASCADEUR
feText_SingleStuntTrialHlp,Freestyle Stunt action.,Vrijestijl stuntactie.,Freistil-Stunts.,Freestyle-stunts.,Per cimentarsi in evoluzioni libere.,Acción de libre estilo de Stunt.,Effectuez des cascades en freestyle.
feText_SingleCampaign,CHAMPIONSHIP,KAMPIOENSCHAP,MEISTERSCHAFTSMODUS,GP-MÄSTERSKAPET,CAMPIONATO,CAMPEONATO,CHAMPIONNAT
feText_SingleCampaignHlp,Race an entire Stunt GP Season.,Race een heel Stunt GP-seizoen.,Trete zu einer ganzen Stunt GP-Saison an.,Kör en hel säsong i Stunt GP.,Per prendere parte a un'intera stagione di Stunt GP.,Compite en una temporada completa de Stunt GP.,Participez à une saison complète de Stunt GP.
feText_MultiTitle,MULTI PLAYER,MEERSPELER,MEHRSPIELER,MULTIPLAYER,MULTIGIOCATORE,MULTIJUGADOR,MULTIJOUEUR
feText_MultiRaceStr,QUICK RACE,SNELLE RACE,SCHNELLES RENNEN,SNABBLOPP,CORSA VELOCE,CARRERA RÁPIDA,COURSE RAPIDE
feText_MultiRaceHlp,Instant Multi Player action.,Directe meerspelersactie.,Sofortiges Fahren im Mehrspieler-Modus.,Kör direkt i Multiplayer.,Per un'immediata gara multigiocatore.,Acción multijugador instantánea.,Affrontez immédiatement vos adversaires.
feText_MultiTournamentStr,TOURNAMENT,TOURNOOI,TOURNIERMODUS,SERIE,TORNEO,TORNEO,TOURNOI
feText_MultiTournamentHlp,Multi Player league play.,Meerspelerscompetitie.,Spiel in der Mehrspieler-Liga.,Tävla i serie i Multiplayer.,Per organizzare un torneo multigiocatore.,Juego de liga multijugador.,Organisez un tournoi multijoueur.
feText_PadsTitle,MULTI-PLAYER STARTUP,MEERSPELERSSPEL STARTEN,MEHRSPIELER-START,STARTA MULTIPLAYER,AVVIO MULTIGIOCATORE,COMIENZO DE MULTIJUGADOR ,DEMARRAGE MULTIJOUEUR
feText_PadsController1,Controller 1,Controller 1,Controller 1,Styrenhet 1,Controller 1,M. control 1,Manette 1
feText_PadsController2,Controller 2,Controller 2,Controller 2,Styrenhet 2,Controller 2,M. control 2,Manette 2
feText_PadsController3,Controller 3,Controller 3,Controller 3,Styrenhet 3,Controller 3,M. control 3,Manette 3
feText_PadsController4,Controller 4,Controller 4,Controller 4,Styrenhet 4,Controller 4,M. control 4,Manette 4
feText_PadsNotConnected,: Not Connected,: Niet aangesloten,: Nicht angeschlossen,: Inte ansluten,: Non connesso,: No conectado,: Non connectée
feText_PadsPressToJoin,: Press START,: Op START,: START drücken,: Tryck på START,: Premi il START,: Pulsa INICIO,: Appuyez sur START
feText_PadsPleaseWait,: Please Wait,: Even wachten,: Bitte warten,: Vänta,: Attendere,: Espera,: Veuillez patienter
feText_PadsNotAvailable,: Not Available,: Niet beschikbaar,: Nicht verfügbar,: Inte tillgänglig,: Non disponibile,: No disponible,: Non disponible
feText_PadsPlayer1,: 1P,: 1P,: SP1,: 1P,: G1,: 1J,: 1P
feText_PadsPlayer2,: 2P,: 2P,: SP2,: 2P,: G2,: 2J,: 2P
feText_PadsPlayer3,: 3P,: 3P,: SP3,: 3P,: G3,: 3J,: 3P
feText_PadsPlayer4,: 4P,: 4P,: SP4,: 4P,: G4,: 4J,: 4P
feText_PadsRequired,You must insert at least 2 Controllers for a Multi Player game.,Voor een meerspelersspel moet je ten minste 2 controllers plaatsen.,Du musst für ein Mehrspieler-Spiel mindestens zwei Controller anschließen.,Du måste ansluta minst 2 styrenheter för att kunna spela Multiplayer-spel.,Devi inserire almeno due Controller per una partita multigiocatore.,Debes introducir al menos 2 mandos de control para una partida multijugador.,Vous devez connecter au moins 2 manettes pour une partie multijoueur.
feText_PadsRequiredSequential,You must insert a Controller in Port A and Port B for a Multi Player game.,Voor een meerspelersspel moet je een controller in poort A en poort B plaatsen.,Du musst für ein Mehrspieler-Spiel am Controller-Anschluss A und B einen Controller anschließen,Du måste ansluta en styrenhet i port A och en i port B för att spela Multiplayer.,Devi inserire due Controller negli ingressi A e B per una partita multigiocatore.,Debes introducir al menos un mando de control en el puerto A y el puerto B para una partida multijugador.,Vous devez connecter une manette dans les port A et B pour une partie multijoueur.
feText_PadsHlp,Press START BUTTON to join or leave the game.,Op STARTKNOP drukken om mee te doen of af te sluiten,START-Taste zum Mitspielen oder Verlassen.,Tryck på START för att gå med i eller lämna spelet.,Premi il tasto START per partecipare o uscire da una partita.,Pulsa BOTÓN INICIO para unirte o abandonar la partida,Appuyez sur START pour rejoindre ou quitter la partie.
feText_CatalogTitle,CATALOGUE,CATALOGUS,KATALOG,KATALOG,CATALOGO,CATÁLOGO,CATALOGUE
feText_CatalogBatteriesStr,Batteries,Batterijen,Batterien,Batterier,Batterie,Baterías,Batteries
feText_CatalogTyresStr,Tyres,Banden,Reifen,Däck,Gomme,Neumáticos,Pneus
feText_CatalogHornsStr,Horns,Claxons,Hupen,Tutor,Clacson,Bocinas,Klaxons
feText_CatalogBMSStr,BMS,BMS,BMS,Bromssystem,BMS,Prop.,BMS
feText_CatalogEnginesStr,Engines,Motoren,Motoren,Motorer,Motori,Motores,Moteurs
feText_CatalogSuspensionStr,Suspension,Vering,Aufhängungen,Fjädring,Sospensioni,Suspensión,Suspensions
feText_CatalogGearsStr,Gears,Versnellingen,Getriebe,Växlar,Cambi ,Marchas,Vitesses
feText_CatalogDriveStr,Drive,Aandrijving,Antrieb,Drev,Trasmissioni,Conducir,Transmission
feText_CatalogBrakesStr,Brakes,Remmen,Bremsen,Bromsar,Freni,Frenos,Freins
feText_CatalogBoostStr,Boost,Versterking,Boost,Turbo,Turbo,Propulsores,Turbo
feText_CatalogChassisStr,Chassis,Chassis,Chassis,Chassier,Telaio,Chasis,Châssis
feText_CatalogCarsStr,Cars,Auto's,Autos,Bilar,Vetture,Coches,Voitures
feText_CatalogTracksStr,Tracks,Banen,Kurse,Banor,Tracciati,Pistas,Circuits
feText_ModifyTitle,GARAGE (Vehicle Modification),GARAGE (voertuig bewerken),WERKSTATT (Fahrzeugmodifizierung),VERKSTAD (fordonsmodifiering),OFFICINA (modifica del veicolo),TALLER (Modificación del vehículo),GARAGE (modification du véhicule)
feText_ModifyHlp,Press LEFT to Downgrade or RIGHT to Upgrade.,Druk op LINKS om te degraderen of RECHTS om op te waarderen.,Drücke LINKS zum Abrüsten oder RECHTS zum Aufrüsten.,Tryck på VÄNSTER för ned- och HÖGER för uppgradering.,Premi SX per scendere livello o DX per salire livello.,Pulsa IZQUIERDA para quitar mejora o DERECHA para mejorar.,Appuyez sur GAUCHE pour diminuer ou DROITE pour améliorer.
feText_ModifyUpHlp,Press ENTER to Upgrade to this Component,Druk op ENTER om op te waarderen naar dit onderdeel.,"Drücke die Taste EINGABE, um diese Komponente aufzurüsten.",Tryck på RETUR för att uppgradera till denna komponent,Premi INVIO per migliorare questo componente.,Pulsa INTRO para mejorar con este componente ,Appuyez sur ENTREE pour améliorer ce composant
feText_ModifyDnHlp,Press ENTER to Downgrade to this Component,Druk op ENTER om te degraderen naar dit onderdeel.,"Drücke die Taste EINGABE, um diese Komponente abzurüsten.",Tryck på RETUR för att nedgradera till denna komponent,Premi INVIO per declassare questo componente.,Pulsa INTRO para reducir a este componente,Appuyez sur ENTREE pour diminuer ce composant
feText_ModifyCashHlp,"Sorry, you do not have enough Credits to buy this Component.","Sorry, je hebt onvoldoende credits om dit onderdeel te kopen.",Du hast nicht genügend Credits für diese Komponente.,Otillräckligt antal bonuspoäng för att köpa denna komponent.,Non hai abbastanza crediti per acquistare questo componente.,"Lo siento, no tienes crédito para comprar este componente.",Vous n'avez pas assez de crédits pour acheter ce composant.
feText_ModifyComponent,Component:,Onderdeel:,Komponente:,Komponent:,Componente:,Componente:,Composant :
feText_ModifyCostNew,Price New:,Nieuwprijs:,Neuer Preis:,Nypris:,Costo nuovo:,Nuevo precio:,Prix neuf :
feText_ModifySaleValue,Trade In:,Inruil:,Verkauft:,Byte:,Scambio:,Comercio:,Revente :
feText_ModifyBalance,Cash Balance:,Geldtegoed:,Bargeld:,Kassa:,Saldo attuale:,Balance econ.:,Balance :
feText_ModifyRefund,Cash Refund:,<>,<>,<>,<>,<>,<>
feText_EnterNameTitle,ENTER YOUR NAME,JE NAAM INVOEREN,GIB DEINEN NAMEN EIN,SKRIV IN DITT NAMN,INSERISCI IL TUO NOME,INTRODUCE TU NOMBRE:,ENTREZ VOTRE NOM
feText_SelectCarTitle,SELECT VEHICLE,VOERTUIG SELECTEREN,FAHRZEUG WÄHLEN,VÄLJ FORDON,SCEGLI VEICOLO,SELECCIONAR VEHÍCULO,CHOISISSEZ UN VEHICULE
feText_SelectCarFunds,Funds:,Geld,Budgt,Tillg:,Fondi,Fondo,Fonds
feText_SelectCarPrice,Price:,Prijs,Preis,Pris,Costo,Coste,Prix
feText_SelectCarWildWheelsStr,Wild Wheels,Wild Wheels,Wild Wheels,Wild Wheels,Wild Wheels,Wild Wheels,Wild Wheels
feText_SelectCarSpeedDemonsStr,Speed Demons,Speed Demons,Speed Demons,Speed Demons,Speed Demons,Speed Demons,Speed Demons
feText_SelectCarAeroBlastersStr,Aero Blasters,Aero Blasters,Aero Blasters,Aero Blasters,Aero Blasters,Aero Blasters,Aéro Blasters
feText_SelectCarTeamSpecialsStr,Team Specials,Team Specials,Team Specials,Team Specials,Team Specials,Team Specials,Team Specials
feText_CarName01,MEAN STREAK,MEAN STREAK,MEAN STREAK,MEAN STREAK,MEAN STREAK,MEAN STREAK,MEAN STREAK
feText_CarName02,THE HUSTLER,THE HUSTLER,THE HUSTLER,THE HUSTLER,THE HUSTLER,THE HUSTLER,THE HUSTLER
feText_CarName03,TWIN EAGLE,TWIN EAGLE,TWIN EAGLE,TWIN EAGLE,TWIN EAGLE,TWIN EAGLE,TWIN EAGLE
feText_CarName04,SKY HAWK,SKY HAWK,SKY HAWK,SKY HAWK,SKY HAWK,SKY HAWK,SKY HAWK
feText_CarName05,THE PHANTOM,THE PHANTOM,THE PHANTOM,THE PHANTOM,THE PHANTOM,THE PHANTOM,THE PHANTOM
feText_CarName06,ROAD HOG,ROAD HOG,ROAD HOG,ROAD HOG,ROAD HOG,ROAD HOG,ROAD HOG
feText_CarName07,DUNE RAT,DUNE RAT,DUNE RAT,DUNE RAT,DUNE RAT,DUNE RAT,DUNE RAT
feText_CarName08,NITRO LIGHTNIN',NITRO LIGHTNIN',NITRO LIGHTNIN',NITRO LIGHTNIN',NITRO LIGHTNIN',NITRO LIGHTNIN',NITRO LIGHTNIN'
feText_CarName09,ALLEY KAT,ALLEY KAT,ALLEY KAT,ALLEY KAT,ALLEY KAT,ALLEY KAT,ALLEY KAT
feText_CarName10,SAND SHARK,SAND SHARK,SAND SHARK,SAND SHARK,SAND SHARK,SAND SHARK,SAND SHARK
feText_CarName11,THE BRUTE,THE BRUTE,THE BRUTE,THE BRUTE,THE BRUTE,THE BRUTE,THE BRUTE
feText_CarName12,WILD DART,WILD DART,WILD DART,WILD DART,WILD DART,WILD DART,WILD DART
feText_CarName13,RAGING BULL,RAGING BULL,RAGING BULL,RAGING BULL,RAGING BULL,RAGING BULL,RAGING BULL
feText_CarName14,FLYING MANTIS,FLYING MANTIS,FLYING MANTIS,FLYING MANTIS,FLYING MANTIS,FLYING MANTIS,FLYING MANTIS
feText_CarName15,STUNT MONKEY,STUNT MONKEY,STUNT MONKEY,STUNT MONKEY,STUNT MONKEY,STUNT MONKEY,STUNT MONKEY
feText_CarName16,INFERNO,INFERNO,INFERNO,INFERNO,INFERNO,INFERNO,INFERNO
feText_CarName17,THE FORKSTER,THE FORKSTER,THE FORKSTER,THE FORKSTER,THE FORKSTER,THE FORKSTER,THE FORKSTER
feText_CarName18,WORMS MOBILE,WORMS MOBILE,WORMS MOBILE,WORMS MOBILE,WORMS MOBILE,WORMS MOBILE,WORMS MOBILE
feText_CarName19,FORMULA 17,FORMULA 17,FORMULA 17,FORMULA 17,FORMULA 17,FORMULA 17,FORMULA 17
feText_CarName20,TEAM MACHINE,TEAM MACHINE,TEAM MACHINE,TEAM MACHINE,TEAM MACHINE,TEAM MACHINE,TEAM MACHINE
feText_CarNameStunt,STUNT BOWL SPECIAL(21),STUNT-BOWL SPECIAL,STUNT-BOWL SPECIAL,STUNT-BOWL SPECIAL,STUNT-BOWL SPECIAL,STUNT-BOWL SPECIAL,STUNT-BOWL SPECIAL
feText_CarInfo01,"MEAN STREAK|Fast, light and agile, this racer offers much for those who wish to modify their vehicle.","MEAN STREAK||Deze raceauto is snel, licht en behendig, en gemakkelijk om te bouwen.","MEAN STREAK||Schnell, leicht, agil. Dieser Rennwagen ist für diejenigen, die ihr Fahrzeug modifizieren möchten.","MEAN STREAK||En snabb, lätt och följsam racerbil som har mycket att erbjuda dem som vill modifiera sitt fordon.","MEAN STREAK||Veloce e maneggevole,|è il veicolo ideale per coloro che amano la personalizzazione.","MEAN STREAK||Rápido, ligero y ágil, este corredor ofrece mucho para los que deseen modificar su vehículo.","MEAN STREAK||Rapide, léger et agile, un véhicule qui ne demande qu'à être customisé."
feText_CarInfo02,THE HUSTLER||Sturdy 4x4 pick-up truck with an eye for the outrageous!,THE HUSTLER||Robuuste 4x4 pick-up truck met een knipoog naar het extravagante!,THE HUSTLER||Robuster 4x4 Pick-Up für Ungeheuerliches!,THE HUSTLER||Bastant fyrhjulsdriven pick-up med häpnadsväckande egenskaper.,THE HUSTLER||Un resistente camion 4x4 per chi vuole sempre esagerare!,THE HUSTLER||Sólido camión 4x4 con la intención de escandalizar ,THE HUSTLER||Un 4x4 robuste avec beaucoup de personnalité.
feText_CarInfo03,TWIN EAGLE||Take flight with this light and speedy stuntcar.,"TWIN EAGLE||Krijg vleugels met deze lichte, bliksemsnelle stuntwagen.",TWIN EAGLE||Flieg schon los mit diesem leichten und schnellen Stuntauto.,TWIN EAGLE||Flyg iväg med denna snabba och lätta stuntbil.,TWIN EAGLE||Prendi il volo con questa leggera e velocissima macchina da stunt.,TWIN EAGLE||Vuela con este coche veloz y ligero.,TWIN EAGLE||Envolez-vous avec cette voiture légère et rapide.
feText_CarInfo04,SKY HAWK||Get airborne with this very versatile stunt car.,SKY HAWK||Ga de lucht in met deze zeer veelzijdige stuntwagen.,SKY HAWK||Heb ab mit diesem vielseitigen Stuntauto.,SKY HAWK||Få luft under vingarna med denna mycket mångsidiga stuntbil.,SKY HAWK||Decolla con questo modello estramemente versatile.,SKY HAWK||Transpórtate por el aire con este coche tan versátil.,SKY HAWK||Prêt à décoller avec cette voiture aux possibilités surprenantes.
feText_CarInfo05,"THE PHANTOM||Fast, sleek and tough to handle.","THE PHANTOM||Snel, gestroomlijnd en stoer.","THE PHANTOM||Schnell, glatt und hart zu steuern.","THE PHANTOM||Snabb, smäcker men en utmaning att hantera.",THE PHANTOM||Irruenta e difficile da dominare.,"THE PHANTOM||Rápido, elegante y difícil de manejar.","THE PHANTOM||Rapide et élégante, mais difficile à contrôler."
feText_CarInfo06,ROAD HOG||Rock and Roll with the rough ridin' road hog.,ROAD HOG||Rock-'n-roll met de woeste wegpiraat.,ROAD HOG||Rock and Roll - auf die harte Tour.,ROAD HOG||Ta dig an detta fartvidunder till bil om du vågar.,ROAD HOG||Sgommate e rock'n'roll!,ROAD HOG||Haz Rock and Roll con el duro puerco callejero.,"ROAD HOG||Attention, ça va secouer!"
feText_CarInfo07,DUNE RAT||Defy the laws of physics in this buggy.,DUNE RAT||Trotseer de zwaartekracht in dit karretje.,DUNE RAT||Überwinde in diesem leichten Wagen die Gesetze der Physik.,DUNE RAT||Upphäv tyngdkraften i denna buggy.,DUNE RAT||Sconfiggi le leggi della fisica con questa incredibile buggy.,DUNE RAT||Desafía las leyes de la física con este jeep.,DUNE RAT||Défiez les lois de la physique avec ce buggy.
feText_CarInfo08,NITRO LIGHTNIN''||Supercharged super speed. Easy does it!,NITRO LIGHTNIN''||Turbosnel. Uiterste voorzichtigheid geboden!,NITRO LIGHTNIN''||Die Rakete. In der Einfachheit liegt die Brillanz!,NITRO LIGHTNIN''||Suberb superhastighet. Men ta det lugnt!,"NITRO LIGHTNIN''||Supercarica, superveloce! Rende facili le cose impossibili!",NITRO LIGHTNIN''||Supercargado de velocidad. ¡Muy sencillo!,NITRO LIGHTNIN''||Plus rapide que l'éclair. Serez-vous à la hauteur?
feText_CarInfo09,"ALLEY KAT||Sleek and powerful, this cat is ready to roar.","ALLEY KAT||Een gladde en sterke kat, die niet voor de poes is.",ALLEY KAT||Diese Katze ist geschmeidig und kraftvoll. Sie ist bereit zum Fauchen.,ALLEY KAT||En smäcker och kraftfull katt med klös.,ALLEY KAT||Agile e tagliente: un vero felino pronto a graffiare.,"ALLEY KAT||Elegante y de gran potencia, este gatito está listo para rugir.","ALLEY KAT||Elégance|et puissance,|que demander|de plus?"
feText_CarInfo10,SAND SHARK||This beachcomber is at home on any stunt circuit.,SAND SHARK||Deze strandzwerver voelt zich thuis op elk stuntcircuit.,SAND SHARK||Dieser Dünenjäger ist auf jeder Stuntstrecke zu Hause.,SAND SHARK||Denna strandraggare har en given plats på vilken stuntbana som helst.,SAND SHARK||Un prototipo adatto a ogni tipo di circuito.,SAND SHARK||Este raquero se siente como en su casa en cualquier circuito stunt.,SAND SHARK||Un véhicule à l'aise sur tout circuit.
feText_CarInfo11,THE BRUTE||Unleash the Brute for no-nonsense on the road!,THE BRUTE||Geef de bruut de vrije teugels op het asfalt!,THE BRUTE||Weck den Tiger in dir und lass dir auf der Straße nichts gefallen!,THE BRUTE||Ren råstyrka på vägen!,THE BRUTE||Per scatenare il terrore sulla strada!,THE BRUTE||Suelta a la bestia para no andarte con tonterías en la carretera,THE BRUTE||Lâchez la brute|et faites trembler|la route.
feText_CarInfo12,WILD DART||Fly fast and true with this stuntcar.,WILD DART||Gier door de bochten met deze stuntwagen.,WILD DART||Flieg schnell und weit mit diesem Stuntauto.,WILD DART||Flyg snabbt och långt med denna stuntbil.,WILD DART||Per l'ebbrezza della vera velocità.,WILD DART||Vuela rápido y de verdad con este coche.,WILD DART||Explorez les cieux à toute vitesse.
feText_CarInfo13,"RAGING BULL||Powerful and fast, this streetwise 4x4 is incredible.","RAGING BULL||Dit is een krachtige, snelle en geslepen 4x4.",RAGING BULL||Kraftvoll und schnell ist dieser Straßen-4x4.,RAGING BULL||Detta tuffa fyrhjulsdrivna fordon är otroligt snabbt och kraftfullt.,RAGING BULL||Poderoso e veloce: un 4x4 dalle incredibili prestazioni.,"RAGING BULL||Gran potencia y rápido, este avispado 4x4 es increíble.","RAGING BULL||Puissant et|rapide, un 4x4 remarquable."
feText_CarInfo14,FLYING MANTIS||Super light and very fast.,FLYING MANTIS||Vederlicht en bliksemsnel.,FLYING MANTIS||Sehr leicht und sehr schnell.,FLYING MANTIS||Superlätt och supersnabb.,FLYING MANTIS||Ultraleggera e velocissima.,FLYING MANTIS||Super ligero y muy rápido.,FLYING MANTIS||Très légère.|Très rapide.
feText_CarInfo15,"STUNT MONKEY||Monkey see, monkey do! Go bananas with this wild ride!",STUNT MONKEY||Haal apenstreken uit met deze woeste oerwoudbewoner!,STUNT MONKEY||Der Höllenritt deines Lebens!,STUNT MONKEY||Sluta apa dig! Här kan du släppa lös dina djuriska sidor!,STUNT MONKEY||Per una guida imprevedibile e selvaggia!,STUNT MONKEY||¡Lo que dice el mono va a misa! ¡Vuélvete majareta con este coche salvaje!,STUNT MONKEY||Vous allez apprendre|à monter aux|arbres!
feText_CarInfo16,INFERNO||This speed demon is on fire!,INFERNO||Deze snelheidsduivel legt anderen het vuur aan de schenen!,INFERNO||Der Geschwindigkeits- dämon ist ausgebrochen!,INFERNO||Ett fartmonster med eld i baken!,INFERNO||Un vero demone infuocato!,INFERNO||Este demonio de velocidad está encendido.,INFERNO||Un véritable enfer de vitesse!
feText_CarInfo17,"THE FORKSTER|||Despite its looks, it moves like fork lightning!",THE FORKSTER||Ondanks zijn uiterlijk is hij bliksemsnel!,THE FORKSTER|||Trotz seines Aussehens bewegt er sich wie der Blitz!,"THE FORKSTER|||Den kanske inte ser mycket ut, men den är snabb som blixten!","THE FORKSTER||Nonostante l'aspetto, è più veloce di una scheggia!","THE FORKSTER|||A pesar de|su apariencia,|se mueve un relámpago.","THE FORKSTER|||Ne vous fiez pas aux apparences,|il est plus rapide qu'il n'en a l'air!"
feText_CarInfo18,WORMS MOBILE||Super Speedy Buggy!,WORMS MOBILE||Supersnel wagentje!,WORMS MOBILE||Ein superschneller Buggy!,WORMS MOBILE||Supersnabb buggy!,WORMS MOBILE||Una buggy con una marcia in più!,WORMS MOBILE||¡Jeep super rápido!,WORMS MOBILE||Super Speed Buggy!
feText_CarInfo19,FORMULA 17||Incredibly fast racing car.,FORMULA 17||Ongelooflijk snelle raceauto.,FORMULA 17||Ein unglaublich schnelles Rennauto.,FORMULA 17||Enastående snabb racerbil.,FORMULA 17||Una macchina da corsa dalle incredibili prestazioni.,FORMULA 17||Coche de carreras increíblemente rápido.,FORMULA 17||17 fois|plus rapide!
feText_CarInfo20,"TEAM MACHINE||The ultimate, hugely versatile stock car.","TEAM MACHINE||De ultieme, veelzijdige stock-car.","TEAM MACHINE||Das ultimative, vielseitige Standardmodell.",TEAM MACHINE||En fantastiskt mångsidig stock-car.,TEAM MACHINE||La più versatile e prestazionale fuoriserie in circolazione.,TEAM MACHINE||El último modelo de coche muy versátil.,TEAM MACHINE||La stock car ultime!
feText_CarInfoStunt,STUNT BOWL SPECIAL(21),STUNT-BOWL SPECIAL,STUNT-BOWL SPECIAL,STUNT-BOWL SPECIAL,STUNTBOWL SPECIAL,STUNT BOWL SPECIAL,STUNT-BOWL SPECIAL
feText_CarInfoMAX,<>,<>,<>,<>,<>,<>,<>
feText_SelectTrackTitle,SELECT TRACK,BAAN SELECTEREN,KURS WÄHLEN,VÄLJ BANA,SCEGLI TRACCIATO,SELECCIONAR PISTA,CHOIX DU CIRCUIT
feText_SelectTrackTitleSingle,TRACK PREVIEW,BAANVOORBEELD,VORSCHAU KURS,STUDERA BANAN,ANTEPRIMA PISTA,PREVISUALIZACIÓN DE LA PISTA,APERCU
feText_TrackName01,CRAZY STRAIGHTS,CRAZY STRAIGHTS,CRAZY STRAIGHTS,CRAZY STRAIGHTS,CRAZY STRAIGHTS,CRAZY STRAIGHTS,CRAZY STRAIGHTS
feText_TrackName02,BANK JOB,BANK JOB,BANK JOB,BANK JOB,BANK JOB,BANK JOB,BANK JOB
feText_TrackName03,TUBULAR HELL,TUBULAR HELL,TUBULAR HELL,TUBULAR HELL,TUBULAR HELL,TUBULAR HELL,TUBULAR HELL
feText_TrackName04,CURBED HEIGHTS,CURBED HEIGHTS,CURBED HEIGHTS,CURBED HEIGHTS,CURBED HEIGHTS,CURBED HEIGHTS,CURBED HEIGHTS
feText_TrackName05,FLYING FINISH,FLYING FINISH,FLYING FINISH,FLYING FINISH,FLYING FINISH,FLYING FINISH,FLYING FINISH
feText_TrackName06,SECRET SIX,SECRET SIX,SECRET SIX,SECRET SIX,SECRET SIX,SECRET SIX,SECRET SIX
feText_TrackName07,THE SANDWINDER,THE SANDWINDER,THE SANDWINDER,THE SANDWINDER,THE SANDWINDER,THE SANDWINDER,THE SANDWINDER
feText_TrackName08,ROUGHDUST FLATS,ROUGHDUST FLATS,ROUGHDUST FLATS,ROUGHDUST FLATS,ROUGHDUST FLATS,ROUGHDUST FLATS,ROUGHDUST FLATS
feText_TrackName09,THE LOOPBACK,THE LOOPBACK,THE LOOPBACK,THE LOOPBACK,THE LOOPBACK,THE LOOPBACK,THE LOOPBACK
feText_TrackName10,INTERSECTOR,INTERSECTOR,INTERSECTOR,INTERSECTOR,INTERSECTOR,INTERSECTOR,INTERSECTOR
feText_TrackName11,RISE'N'FALL,RISE'N'FALL,RISE'N'FALL,RISE'N'FALL,RISE'N'FALL,RISE'N'FALL,RISE'N'FALL
feText_TrackName12,WIDE WALL CHASE,WIDE WALL CHASE,WIDE WALL CHASE,WIDE WALL CHASE,WIDE WALL CHASE,WIDE WALL CHASE,WIDE WALL CHASE
feText_TrackName13,CURB CITY CIRCUIT,CURB CITY CIRCUIT,CURB CITY CIRCUIT,CURB CITY CIRCUIT,CURB CITY CIRCUIT,CURB CITY CIRCUIT,CURB CITY CIRCUIT
feText_TrackName14,WATERFRONT DASH,WATERFRONT DASH,WATERFRONT DASH,WATERFRONT DASH,WATERFRONT DASH,WATERFRONT DASH,WATERFRONT DASH
feText_TrackName15,FREEFALL FREEWAY,FREEFALL FREEWAY,FREEFALL FREEWAY,FREEFALL FREEWAY,FREEFALL FREEWAY,FREEFALL FREEWAY,FREEFALL FREEWAY
feText_TrackName16,HIGH ROLLER,HIGH ROLLER,HIGH ROLLER,HIGH ROLLER,HIGH ROLLER,HIGH ROLLER,HIGH ROLLER
feText_TrackName17,HIGHFLY CLEARWAY,HIGHFLY CLEARWAY,HIGHFLY CLEARWAY,HIGHFLY CLEARWAY,HIGHFLY CLEARWAY,HIGHFLY CLEARWAY,HIGHFLY CLEARWAY
feText_TrackName18,HELIPAD HEIGHTS,HELIPAD HEIGHTS,HELIPAD HEIGHTS,HELIPAD HEIGHTS,HELIPAD HEIGHTS,HELIPAD HEIGHTS,HELIPAD HEIGHTS
feText_TrackName19,SUNKEN SIGHTS,SUNKEN SIGHTS,SUNKEN SIGHTS,SUNKEN SIGHTS,SUNKEN SIGHTS,SUNKEN SIGHTS,SUNKEN SIGHTS
feText_TrackName20,DUST BUSTER,DUST BUSTER,DUST BUSTER,DUST BUSTER,DUST BUSTER,DUST BUSTER,DUST BUSTER
feText_TrackName21,TWINLOOP CIRCUIT,TWINLOOP CIRCUIT,TWINLOOP CIRCUIT,TWINLOOP CIRCUIT,TWINLOOP CIRCUIT,TWINLOOP CIRCUIT,TWINLOOP CIRCUIT
feText_TrackName22,SNAKESTORM,SNAKESTORM,SNAKESTORM,SNAKESTORM,SNAKESTORM,SNAKESTORM,SNAKESTORM
feText_TrackName23,SKYTOP SPEED CIRCUIT,SKYTOP SPEED CIRCUIT,SKYTOP SPEED CIRCUIT,SKYTOP SPEED CIRCUIT,SKYTOP SPEED CIRCUIT,SKYTOP SPEED CIRCUIT,SKYTOP SPEED CIRCUIT
feText_TrackName24,THE CHRONOZONE,THE CHRONOZONE,THE CHRONOZONE,THE CHRONOZONE,THE CHRONOZONE,THE CHRONOZONE,THE CHRONOZONE
feText_TrackNameStunt,STUNT ARENA,STUNT ARENA,STUNT ARENA,STUNT ARENA,STUNT ARENA,STUNT ARENA,STUNT ARENA
feText_TrackInfo01,CRAZY STRAIGHTS||This long speed track offers opportunity for a number of jump stunts.,CRAZY STRAIGHTS||Deze lange snelheidsbaan is uitermate geschikt voor een aantal stuntsprongen.,CRAZY STRAIGHTS||Dieser lange Hochgeschwin- digkeitskurs ermöglicht viele Sprungstunts.,CRAZY STRAIGHTS||På denna långa bana hinner du med många hopp.,CRAZY STRAIGHTS||Un lungo tracciato di velocità che consente un buon numero di evoluzioni aeree.,CRAZY STRAIGHTS||Esta pista de gran velocidad ofrece la oportunidad de un gran número de acrobacias|de saltos. ,CRAZY STRAIGHTS||Ce long circuit offre de nombreuses opportunités de cascades aériennes.
feText_TrackInfo02,"BANK JOB||This short, speedy circuit offers a number of stunt opportunities and high-banks for sneaky overtaking.","BANK JOB||Dit korte, snelle circuit biedt een aantal stuntmogelijkheden en hoge wallen om stiekem in te halen.","BANK JOB||Dieser kurze, schnelle Kurs bietet viele Möglichkeiten zu Stunts und zum heimlichen Überholen.","BANK JOB||På denna korta, snabba bana kan du utföra ett antal stunts och de höga vallarna ger utrymme för listiga omkörningar.","BANK JOB||Un tracciato breve ma veloce, che offre ottime opportunità di stunt e sorpassi imprevedibili.",BANK JOB||Este circuito corto y veloz ofrece un gran número de posibilidades de acrobacias y altas pendientes para adelantamientos sigilosos.,BANK JOB||Un circuit court et rapide qui permet de faire de nombreuses cascades.
feText_TrackInfo03,TUBULAR HELL||A long and winding track with many ramps. Try not to climb too high in the tubular sections!,TUBULAR HELL||Een lange en bochtige baan met vele schansen. Probeer niet te hoog te klimmen in de buisvormige stukken!,TUBULAR HELL||Eine schnelle kurvige Strecke mit vielen Rampen. Komm nicht zu hoch in den Röhrenabschnitten!,TUBULAR HELL||En lång och slingrande bana med många ramper. Se till att du inte klättrar för högt i rören!,TUBULAR HELL||Un tracciato molto tortuoso con molte rampe. Cerca di non spingerti troppo in alto nelle sezioni tubolari!,TUBULAR HELL||Una pista larga|y tortuosa con muchas rampas. Intenta no escalar muy alto en las secciones tubulares,"TUBULAR HELL||Long et sinueux, avec beaucoup|de rampes.|Ne grimpez pas trop dans les sections tubulaires."
feText_TrackInfo04,"CURBED HEIGHTS||A long, high track that is best navigated by hugging the racing line.","CURBED HEIGHTS||Een lange, hoge baan die het best gereden kan worden door dicht bij de racelijn te blijven.","CURBED HEIGHTS||Eine lange, hohe Strecke, bei der man am besten auf der Ideallinie bleibt.","CURBED HEIGHTS||En lång, hög bana som du klarar bäst genom att ligga så nära den rätta linjen som möjligt.",CURBED HEIGHTS||Un tracciato lungo in cui è prioritario mantenere la traiettoria ideale.,CURBED HEIGHTS||Una pista larga|y alta que se recorre mejor ciñéndose a la línea de carrera.,CURBED HEIGHTS||Long et en hauteur. Ne vous éloignez pas trop de la trajectoire idéale.
feText_TrackInfo05,"FLYING FINISH||A short, tough and dramatic track with a huge jump over the finish line!","FLYING FINISH||Een korte, lastige en spectaculaire baan met een enorme sprong over de finish!","FLYING FINISH||Eine kurze, harte und dramatische Strecke mit einem langen Sprung über die Ziellinie!","FLYING FINISH||En kort, tuff och händelserik bana med ett jättehopp över mållinjen.","FLYING FINISH||Un tracciato molto breve, con uno spettacolare salto in prossimità della linea d'arrivo!","FLYING FINISH||Una pista dramática, corta y difícil con un salto enorme después de la recta final. ","FLYING FINISH||Court mais spectaculaire, volez au-dessus de la ligne d'arrivée!"
feText_TrackInfo06,SECRET SIX||An exciting track with plenty of ramps and a cross-over.,SECRET SIX||Een spannende baan met een overvloed aan schansen en een viaduct.,SECRET SIX||Ein aufregender Kurs mit vielen Rampen und einer Überkreuzung.,SECRET SIX||En spännande bana med många ramper och en plankorsning.,"SUPER SIX||Un tracciato|molto impegnativo, pieno di rampe e incroci.",SECRET SIX||Una pista emocionante repleta de rampas y un cruce.,SECRET SIX||Beaucoup de rampes et de croisements!
feText_TrackInfo07,"THE SANDWINDER||A huge, winding off-road track featuring a very bumpy mid section and multi-level turns.","THE SANDWINDER||Een enorme, kronkelende off-the-road baan met een hobbelig middenstuk en bochten op verscheidene niveaus.",THE SANDWINDER||Ein langer verzwicketer Off-road-Kurs mit einem sehr unebenen Mittelabschitt und Kurven auf mehreren Leveln.,"THE SANDWINDER||En lång, slingrande terrängbana med ett mycket gropigt mittavsnitt och kurvor på flera nivåer.","THE SANDWINDER||Un tracciato lunghissimo, con un sacco di salti nella sua parte centrale e di curve multilivello.",THE SANDWINDER||Una pista enorme y tortuosa que se caracteriza por una sección en el medio llena de baches y giros de niveles múltiples.,"THE SANDWINDER||Immense circuit hors-piste, avec de nombreuses bosses et|des virages multi-niveau."
feText_TrackInfo08,"ROUGHDUST FLATS||The only flat track in the Stunt GP collection, this is far from a gentle experience!","ROUGHDUST FLATS||De enige vlakke baan in de Stunt GP-reeks, maar laat je daardoor niet in de luren leggen!","ROUGHDUST FLATS||Der einzige ebene Kurs in der Stunt GP-Kollektion, dennoch nicht gerade eine sanfte Erfahrung!","ROUGHDUST FLATS||Den enda platta banan i Stunt GP, men långt ifrån en lätt match!","ROUGHDUST FLATS||L'unico tracciato pianeggiante della collezione Stunt GP, anche se non per questo poco impegnativo!","ROUGHDUST FLATS||La única pista llana de la colección de Stunt GP, pero dista mucho de una experiencia agradable. ","ROUGHDUST FLATS||Le seul|circuit plat, mais|vous ne vous|ennuierez pas!"
feText_TrackInfo09,"THE LOOPBACK||A long, fast track with many opportunities for jumps and stunts.","THE LOOPBACK||Een lange, snelle baan waarin heel wat sprongen en stunts uitgevoerd kunnen worden.",THE LOOPBACK||Eine lange schnelle Strecke mit vielen Möglichkeiten für Sprünge und Stunts.,"THE LOOPBACK||En lång, snabb bana med många möjlligheter till hopp och stunts.",THE LOOPBACK||Un tracciato|lungo e veloce|con un sacco di opportunità di salti ed evoluzioni.,THE LOOPBACK||Una pista larga y rápida con muchas oportunidades de saltos y acrobacias. ,"THE LOOPBACK||Long et rapide, avec de nombreuses possibilités de sauts et de cascades."
feText_TrackInfo10,"INTERSECTOR||A long, fast track with a multitude of mad crossovers!","INTERSECTOR||Een lange, snelle baan met een overvloed aan waanzinnige viaducten!",INTERSECTOR||Ein langer schneller Kurs mit einer Vielzahl verrückter Überkreuzungen!,"INTERSECTOR||En lång, snabb bana med massor av maffiga plankorsningar!",INTERSECTOR||Un tracciato con continui incroci e sovrapposizioni.,INTERSECTOR||Una pista larga y rápida con una multitud de cruces de locura. ,"INTERSECTOR||Long et rapide, mais attention aux croisements!"
feText_TrackInfo11,RISE'N'FALL||Have you got the stomach for the massive climb and fall? Not to mention the loop!,RISE'N'FALL||Durf jij de gigantische klim en val aan? En wat te denken van de lus!,RISE'N'FALL||Verträgt dein Magen dieses heftige Auf und Ab? Dazu kommt noch der Looping!,RISE'N'FALL||Är du redo för denna enorma berg-och dalbana? För att inte tala om loopen!,RISE'N'FALL||Hai lo stomaco per affrontare la discesa a strapiombo?|Per non parlare dell'avvitamento!,RISE'N'FALL||¿Te atreves con esta pista de altibajos? ¡Sin mencionar el loop!,"RISE'N'FALL||Autant vous prévenir tout suite, il faut avoir l'estomac bien accroché!"
feText_TrackInfo12,WIDE WALL CHASE||A very fast night track where you can use the burns for over-taking.,WIDE WALL CHASE||Een supersnelle nachtbaan waar je de ontbranding kunt gebruiken om in te halen.,"WIDE WALL CHASE||Ein Hochgeschwin- digkeitskurs, bei dem du auf den hochgezogenen Steilkurven überholen kannst.",WIDE WALL CHASE||En mycket snabb nattbana där du kan gasa på vid omkörningar.,WIDE WALL CHASE||Un tracciato notturno incredibilmente veloce e dove è facile sorpassare.,WIDE WALL CHASE||Una pista muy rápida de noche donde puedes usar los propulsores para adelantar. ,WIDE WALL CHASE||Un circuit de|nuit très rapide. Utilisez les bosses pour doubler vos adversaires.
feText_TrackInfo13,"CURB CITY CIRCUIT||A track of contrasts, straight outside and tricky inside.","CURB CITY CIRCUIT||Een baan vol contrasten, recht van buiten en lastig van binnen.","CURB CITY CIRCUIT||Eine Strecke der Kontraste, außen gerade und innen kompliziert.","CURB CITY CIRCUIT||En bana full av kontraster, lätt utanpå och svår inuti.",CURB CITY CIRCUIT||Un tracciato atipico: rettilineo all'aperto e molto insidioso all'interno.,"CURB CITY CIRCUIT||Una pista de contrastes, rectas por fuera y con truco por dentro. ","CURB CITY CIRCUIT||Un circuit plein|de contrastes. Des lignes droites, mais des virages aussi."
feText_TrackInfo14,WATERFRONT DASH||This long and winding track takes you all over the waterfront!,"WATERFRONT DASH||Met deze lange, slingerende baan langs de waterkant houd je het vast niet droog!",WATERFRONT DASH||Diese lange und kurvige Strecke entführt dich an die Küste!,WATERFRONT DASH||På denna långa och slingrande bana kör du längs stranden hela vägen!,WATERFRONT DASH||Un tracciato costiero pieno di curve e di insidie.,WATERFRONT DASH||Esta pista larga y tortuosa te llevará por todo el puerto. ,"WATERFRONT DASH||Ce circuit long et sinueux vous permettra d'admirer la mer, de près!"
feText_TrackInfo15,FREEFALL FREEWAY||Two huge jumps and a mighty climb feature in this evening excursion.,FREEFALL FREEWAY||Twee enorme sprongen en een flinke klim maken deze avondrit een hele belevenis.,FREEFALL FREEWAY||Zwei riesige Sprünge und ein gewaltiger Anstieg spielen in diesem Abendspaziergang die Hauptrolle.,FREEFALL FREEWAY||Det finns två jättehopp och en maffig stigning på denna nattbana.,FREEFALL FREEWAY||Due salti enormi|e una ripidissima salita per questa terribile esperienza notturna.,FREEFALL FREEWAY||Dos saltos impresionantes y una característica de escalada poderosa|en esta excursión nocturna.,FREEFALL FREEWAY||Deux sauts spectaculaires|et une montée vertigineuse vous laisseront des souvenirs émus.
feText_TrackInfo16,"HIGH ROLLER||This complex, winding track has a number of high curved bends.","HIGH ROLLER||Deze complexe, kronkelende baan heeft een aantal hoge, zeer scherpe bochten.",HGIH ROLLER||Dieser komplexe kurvige Kurs hat viele hohe Kurven.,"HIGH ROLLER||Denna komplicerade, slingrande bana har ett antal doserade kurvor.",HIGH ROLLER||Un tracciato molto intricato con un gran numero di curve cieche.,HGHI ROLLER||Esta pista compleja y tortuosa tiene una gran serie de curvas bien cerradas. ,HIGH ROLLER||Une piste complexe et sinueuse : beaucoup de virages serrés.
feText_TrackInfo17,"HIGHFLY CLEARWAY||A large and difficult track with bumps, jumps and cross-overs.","HIGHFLY CLEARWAY||Een grote en moeilijke baan met hobbels, sprongen en viaducten.","HIGHFLY CLEARWAY||Ein großer und schwieriger Kurs mit Unebenheiten, Sprüngen und Überkreuzungen.","HIGHFLY CLEARWAY||En lång, svår bana med gupp, hopp och plankorsningar.","HIGHFLY CLEARWAY||Un tracciato molto selettivo, pieno di dossi, salti e incroci.","HIGHFLY CLEARWAY||Una pista grande y difícil con baches, saltos|y cruces. ","HIGHFLY CLEARWAY||Un circuit long|et difficile, avec des bosses, des sauts et des croisements."
feText_TrackInfo18,HELIPAD HEIGHTS||This interior and exterior track features a spectacular leap across a skyline!,HELIPAD HEIGHTS||In deze binnen- en buitenbaan zit een spectaculaire sprong langs een skyline!,"HELIPAD HEIGHTS||Diese Strecke, teils drinnen,|teils draußen, umfasst einen spektakulären Sprung über die Skyline!",HELIPAD HEIGHTS||Denna bana går både över och under jord och har ett enastående hopp med horisonten i bakgrunden!,HELIPAD HEIGHTS||Un tracciato|con parti indoor ed esterne caratterizzato da uno spettacolare salto attraverso un grattacielo!,HELIPAD HEIGHTSO||Esta pista interior y exterior presenta un salto espectacular por el cielo. ,"HELIPAD HEIGHTS||Un circuit varié, avec un saut inoubliable!"
feText_TrackInfo19,SUNKEN SIGHTS||A three level sunken area and a high banked climb are the highlights of this dusty track.,SUNKEN SIGHTS||Deze stoffige baan heeft als hoogtepunten een verzonken gebied van drie niveaus en een klim tegen een flinke wal.,SUNKEN SIGHTS||Ein versunkenes Gebiet auf drei Ebenen und eine Anhöhe sind die Highlights dieser staubigen Strecke.,SUNKEN SIGHTS||Ett nedsänkt område i tre nivåer och en stigning med höga vallar utgör höjdpunkterna på denna dammiga bana.,SUNKEN SIGHTS||Un tracciato irregolare e polveroso sviluppato su|tre livelli.,SUNKEN SIGHTS||Una zona hundida de tres niveles|y una subida complicada|son las características más importantes de esta pista polvorienta. ,SUNKEN SIGHTS||Un circuit souterrain sur trois niveaux.
feText_TrackInfo20,"DUST BUSTER||This fast, relatively flat track offers many ways to drive.","DUST BUSTER||Deze snelle, relatief vlakke baan kan op vele manieren gereden worden.","DUST BUSTER||Dieser schnelle, relativ flache Kurs bietet dir viele Möglichkeiten.",DUST BUSTER||På denna snabba och relativt platta bana kan du ge utlopp för din körglädje.,DUST BUSTER||Un tracciato veloce e relativamente pianeggiante che consente svariati approcci di guida.,DUST BUSTER||Esta pista rápida y relativamente llana ofrece muchas formas|de conducción. ,DUST BUSTER||Ce circuit plutôt plat et rapide vous offrira de nombreuses possibilités de conduites.
feText_TrackInfo21,TWINLOOP CIRCUIT||Two huge climbs and a double loop make this a formidable track.,TWINLOOP CIRCUIT||Deze formidabele baan biedt twee hoge klimmen en een dubbele lus.,TWINLOOP CIRCUIT||Zwei hohe Anstiege und ein doppelter Überschlag sind charakteristisch für diese Strecke.,TWINLOOP CIRCUIT||Denna häftiga bana har två stora stigningar och en dubbelloop.,TWINLOOP CIRCUIT||Due spettacolari salite e un doppio avvitamento per un tracciato che non potrai dimenticare.,TWINLOOP CIRCUIT||Dos subidas gigantescas y un doble loop hacen que sea una pista formidable.,TWINLOOP CIRCUIT||Deux montées d'anthologie et un double looping. Accrochez-vous!
feText_TrackInfo22,"SNAKESTORM||A long, winding track with multi-levels and a loop.","SNAKESTORM||Een lange, slingerende baan met meerdere niveaus en een lus.","SNAKESTORM||Eine lange, sehr kurvige Strecke mit vielen Ebenen und einem Looping.","SNAKESTORM||En lång, slingrande bana med flera nivåer och en loop.",SNAKESTORM||Un tracciato multilivello molto tortuoso e con un impegnativo avvitamento.,SNAKESTORM||Una pista larga|y tortuosa con multiniveles|y un loop.,"SNAKESTORM||Un circuit long|et sinueux, sur plusieurs niveaux, avec un looping!"
feText_TrackInfo23,"SKYTOP SPEED CIRCUIT||A very small, fast track with a couple of jumps and high banks.","SKYTOP SPEED CIRCUIT||Een hele kleine, snelle baan met enkele sprongen en hoge wallen.",SKYTOP SPEED CIRCUIT||Eine sehr kurze schnelle Strecke mit diversen Sprüngen und starken Erhebungen.,"SKYTOP SPEED CIRCUIT||En mycket kort, snabb bana med ett par hopp och höga vallar.","SKYTOP SPEED CIRCUIT||Un tracciato breve e veloce, con un paio di grandi salti e paraboliche.",SKYTOP SPEED CIRCUIT||Una pista muy pequeña y rápida con un par de saltos y altas pendientes.,"SKYTOP SPEED CIRCUIT||Très court, très rapide, quelques sauts et des rebords élevés."
feText_TrackInfo24,THE CHRONOZONE||A very fast track with burns and a very sharp turn.,THE CHRONOZONE||Een hele snelle baan met burns en een hele scherpe bocht.,THE CHRONOZONE||Eine sehr schnelle Strecke mit Steilwänden und einer sehr engen Kurven.,"THE CHRONOZONE||En mycket snabb bana där du kan gasa på, och en skarp kurva.",THE CHRONOZONE||Un tracciato|molto veloce e impegnativo: solo per veri campioni.,THE CHRONOZONE||Una pista muy rápida con propulsores y un giro muy muy arriesgado. ,"THE CHRONOZONE||Un circuit très rapide, mais attention au virage!"
feText_TrackInfoStunt,The Stunt GP Stunt Challenge Arena! ,Arena voor de Stunt GP-stuntuitdaging!,Die Stunt GP Stunt-Arena! ,Stuntutmaningen i Stunt GP! ,L'arena ufficiale di Stunt GP!,¡El escenario de desafío de acrobacias de Stunt GP! ,L'Arène spéciale cascades de Stunt GP!
feText_TrackInfoMAX,<>,<>,<>,<>,<>,<>,<>
feText_SelectTreeTitle,Select Your Route,Selecteer je route,Wähle deine Strecke,Välj väg,Seleziona il tragitto,Selecciona tu ruta,Sélectionnez votre itinéraire.
feText_ArcadeResults,ARCADE RESULTS,ARCADERESULTATEN,ARCADE-RESULTATE,ARKADRESULTAT,RISULTATI ARCADE,RESULTADOS DE ARCADE,RESULTATS ARCADE
feText_ArcadeRecords,ARCADE RANKING - TOP 100,ARCADERANGORDE - TOP 100,ARCADE RANGLISTE - TOP 100,ARKADRANKING - TOPP 100,CLASSIFICA ARCADE - TOP 100,CLASIFICACIÓN DE ARCADE: MEJORES 100,CLASSEMENT ARCADE - TOP 100
feText_TimeTrialRecords,TIME TRIAL '%s' TOP 10,TIJDRIT '%s' TOP 10,ZEITFAHREN '%s' TOP 10,TIDSTRÄNING '%s' TOPP 10,SFIDA SUL TEMPO '%s' - TOP 10,ENSAYO '%s' MEJORES 10,CONTRE LA MONTRE '%s' - TOP 10
feText_StuntTrialRecords,STUNT CHALLENGE RANKING - TOP 100,RANGORDE STUNTUITDAGING TOP 100,STUNT-MODUS RANGLISTE - TOP 100,STUNTUTMANINGEN RANKING - TOPP 100,CLASSIFICA SFIDA ACROBATICA - TOP 100,CLASIFICACIÓN DEL DESAFÍO STUNT: MEJORES 100,CLASSEMENT MODE CASCADEUR - TOP 100
feText_UnlockTitle,LOCKED ITEM,VERGRENDELD ITEM,GESPERRTES OBJEKT,LÅST BIL/BANA,OGGETTO BLOCCATO,OBJETO BLOQUEADO,ACCES INTERDIT
feText_LapsShort,3 Laps (Short),3 ronden (Kort),3 Runden (Kurz),3 varv (kort),3 giri (gara breve),3 vueltas (corto),3 tours (Court)
feText_LapsMedium,5 Laps (Medium),5 ronden (Gemiddeld),5 Runden (Mittel),5 varv (medel),5 giri (gara media),5 vueltas (medio),5 tours (Moyen)
feText_LapsLong,9 Laps (Long),9 ronden (Lang),9 Runden (Lang),9 varv (lång),9 giri (gara lunga),9 vueltas (largo),9 tours (Long)
feText_DifficultyEasy,Level: Easy,Niveau: Gemakkelijk,Level: Einfach,Nivå: Lätt,Livello: facile,Nivel: Fácil,Niveau: Facile
feText_DifficultyMedium,Level: Medium,Niveau: Gemiddeld,Level: Mittel,Nivå: Medelsvår,Livello: medio,Nivel: Medio,Niveau: Moyen
feText_DifficultyHard,Level: Hard,Niveau: Moeilijk,Level: Schwer,Nivå: Svår,Livello: difficile,Nivel: Difícil,Niveau: Difficile
feText_Opponent0,NO Opponents,GEEN tegenstanders,KEINE Gegner,Inga motståndare,Nessun avversario,Nº de adversarios,PAS d'adversaires
feText_Opponent1,1 CPU Opponent,1 CPU-tegenstander,1 CPU-Gegner,1 datormotståndare,1 avversario CPU,1 oponente CPU,1 adversaire CPU
feText_Opponent2,2 CPU Opponents,2 CPU-tegenstanders,2 CPU-Gegner,2 datormotståndare,2 avversari CPU,2 oponentes CPU,2 adversaires CPU
feText_Opponent3,3 CPU Opponents,3 CPU-tegenstanders,3 CPU-Gegner,3 datormotståndare,3 avversari CPU,3 oponentes CPU,3 adversaires CPU
feText_Opponent4,4 CPU Opponents,4 CPU-tegenstanders,4 CPU-Gegner,4 datormotståndare,4 avversari CPU,4 oponentes CPU,4 adversaires CPU
feText_Opponent5,5 CPU Opponents,5 CPU-tegenstanders,5 CPU-Gegner,5 datormotståndare,5 avversari CPU,5 oponentes CPU,5 adversaires CPU
feText_LoadSaveMIN,<>,<>,<>,<>,<>,<>,<>
feText_InitCFG_Title,SELECT STUNT GP DATA FILE,STUNT GP-GEGEVENSBESTAND SELECTEREN,WÄHLE DIE STUNT-GP-DATEI,VÄLJ STUNT GP-FIL,SCEGLI UN FILE DI DATI DI STUNT GP,SELECCIONAR ARCHIVO DE DATOS DE STUNT GP ,SELECTIONNEZ UN FICHIER DE DONNEES STUNT GP
feText_InitCFG_NoDevice,Not formatted.,Niet geformatteerd.,Nicht formatiert.,Inte formaterat.,Non formattata.,No está formateada.,N'est pas formaté.
feText_InitCFG_NotConnected,ID358,<>,<>,<>,<>,<>,<>
feText_InitCFG_NotFormatted,Not formatted.,Niet geformatteerd.,Nicht formatiert.,Inte formaterat.,Non formattata.,No está formateada.,N'est pas formaté.
feText_InitCFG_NoSpace,ID360,<>,<>,<>,<>,<>,<>
feText_InitCFG_NoSave,Press ENTER to save Stunt GP Data.,Druk op ENTER om Stunt GP-gegevens op te slaan.,"Drücke die Taste EINGABE,|um Stunt GP-Daten zu speichern.",Tryck på RETUR för att spara Stunt GP-data.,Premi INVIO per salvare i dati di Stunt GP.,Pulsa INTRO para guardar los datos de Stunt GP.,Appuyez sur ENTREE pour sauvegarder|les données de Stunt GP.
feText_InitCFG_OK,Stunt GP data found.|Press ENTER to load this Data.,Stunt GP-gegevens gevonden.|Druk op de ENTER om deze gegevens te laden.,Stunt GP-Daten gefunden.|Drücke die Taste EINGABE zum Laden der Daten.,Stunt GP-data hittades.|Tryck på RETUR för att ladda dessa data.,Dati di Stunt GP presenti.|Premi INVIO per caricarli.,Los datos encontraron. Pulsa INTRO para cargar estos datos.,Données Stunt GP trouvées.|Appuyez sur ENTREE pour charger ces données.
feText_LoadCFG_Title,LOADING DATA,GEGEVENS WORDEN GELADEN,DATEN WERDEN GELADEN,LADDA DATA,CARICAMENTO DATI,CARGANDO DATOS,CHARGEMENT DES DONNEES
feText_LoadCFG_NoDevice,Not formatted.,Niet geformatteerd.,Nicht formatiert.,Inte formaterat.,Non formattata.,No está formateada.,N'est pas formaté.
feText_LoadCFG_NotConnected,ID365,<>,<>,<>,<>,<>,<>
feText_LoadCFG_NotFormatted,Not formatted.,Niet geformatteerd.,Nicht formatiert.,Inte formaterat.,Non formattata.,No está formateada.,N'est pas formaté.
feText_LoadCFG_NoSpace,ID367,<>,<>,<>,<>,<>,<>
feText_LoadCFG_NoSave,Press ENTER to save Stunt GP Data.,Druk op ENTER om Stunt GP-gegevens op te slaan.,"Drücke die Taste EINGABE,|um Stunt GP-Daten zu speichern.",Tryck på RETUR för att spara Stunt GP-data.,Premi INVIO per salvare i dati di Stunt GP.,Pulsa INTRO para guardar los datos de Stunt GP.,Appuyez sur ENTREE pour sauvegarder|les données de Stunt GP.
feText_LoadCFG_OK,Stunt GP data found.|Press ENTER to load this Data.,Stunt GP-gegevens gevonden.|Druk op de ENTER om deze gegevens te laden.,Stunt GP-Daten gefunden.|Drücke die Taste EINGABE zum Laden der Daten.,Stunt GP-data hittades.|Tryck på RETUR för att ladda dessa data.,Dati di Stunt GP presenti.|Premi INVIO per caricarli.,Los datos encontraron. Pulsa INTRO para cargar estos datos.,Données Stunt GP trouvées.|Appuyez sur ENTREE pour charger ces données.
feText_SaveCFG_Title,SAVING DATA,GEGEVENS WORDEN OPGESLAGEN,DATEN WERDEN GESPEICHERT,SPARA DATA,SALVATAGGIO DATI,GUARDANDO DATOS,SAUVEGARDE DES DONNEES
feText_SaveCFG_NoDevice,Not formatted.,Niet geformatteerd.,Nicht formatiert.,Inte formaterat.,Non formattata.,No está formateada.,N'est pas formaté.
feText_SaveCFG_NotConnected,ID372,<>,<>,<>,<>,<>,<>
feText_SaveCFG_NotFormatted,Not formatted.,Niet geformatteerd.,Nicht formatiert.,Inte formaterat.,Non formattata.,No está formateada.,N'est pas formaté.
feText_SaveCFG_NoSpace,ID374,<>,<>,<>,<>,<>,<>
feText_SaveCFG_NoSave,Press ENTER to save Stunt GP Data.,Druk op ENTER om Stunt GP-gegevens op te slaan.,"Drücke die Taste EINGABE,|um Stunt-GP-Daten zu speichern.",Tryck på RETUR för att spara Stunt GP-data.,Premi INVIO per salvare i dati di Stunt GP.,Pulsa INTRO para guardar los datos de Stunt GP.,Appuyez sur ENTREE pour sauvegarder|les données de Stunt GP.
feText_SaveCFG_OK,Press ENTER to overwrite|existing Stunt GP Data.,Druk op ENTER om bestaande|Stunt GP-gegevens te overschrijven.,"Drücke die Taste EINGABE,|um Stunt-GP-Daten zu überschreiben.",Tryck på RETUR för att skriva över|befintliga Stunt GP-data.,Premi INVIO per sovrascrivere|i dati esistenti di Stunt GP.,Pulsa INTRO para sobrescribir|datos de Stunt GP existentes.,Appuyez sur ENTREE pour écraser|les données existantes.
feText_LoadGST_Title,LOADING '%s' RACE IMAGE,RACEBEELD '%s' WORDT GELADEN,VIDEO '%s' WIRD GELADEN,LADDAR BÄSTA VARVTIDEN '%s',CARICAMENTO GHOST: '%s' ,CARG.IMAG.CARRERA '%s' ,CHARGEMENT COURSE IMAGE '%s'
feText_LoadGST_NoDevice,Not formatted.,Niet geformatteerd.,Nicht formatiert.,Inte formaterat.,Non formattata.,No está formateada.,N'est pas formaté.
feText_LoadGST_NotConnected,ID379,<>,<>,<>,<>,<>,<>
feText_LoadGST_NotFormatted,Not formatted.,Niet geformatteerd.,Nicht formatiert.,Inte formaterat.,Non formattata.,No está formateada.,N'est pas formaté.
feText_LoadGST_NoSpace,No Race Image file found.,Racebeeldbestand niet gevonden.,Keine Videodaten gefunden.,Det gick inte att hitta någon fil för bästa varvtid.,Nessun ghost trovato.,No se ha encontrado un archivo de imagen de carrera.,Course Image introuvable!
feText_LoadGST_NoSave,No Race Image file found.,Racebeeldbestand niet gevonden.,Keine Videodaten gefunden.,Det gick inte att hitta någon fil för bästa varvtid.,Nessun ghost trovato.,No se ha encontrado un archivo de imagen de carrera.,Course Image introuvable!
feText_LoadGST_OK,Press ENTER to load this Race Image.,Druk op ENTER om dit Racebeeld te laden.,"Drücke die Taste EINGABE,|um dieses Video zu laden.",Tryck på RETUR för att ladda denna bästa varvtid.,Premi INVIO per caricare questo ghost.,Pulsa INTRO para cargar esta imagen de carrera.,Appuyez sur ENTREE pour charger cette Course Image.
feText_SaveGST_Title,SAVING '%s' RACE IMAGE,SLAAT RACEBEELD '%s' OP,SPEICHERN VON VIDEO '%s',SPARAR BÄSTA VARVT. '%s',SALVATAGGIO GHOST: '%s',GUARD.IMG.CARRERA '%s' ,SAUVEGARDE COURSE IMAGE '%s'
feText_SaveGST_NoDevice,Not formatted.,Niet geformatteerd.,Nicht formatiert.,Inte formaterat.,Non formattata.,No está formateada.,N'est pas formaté.
feText_SaveGST_NotConnected,ID386,<>,<>,<>,<>,<>,<>
feText_SaveGST_NotFormatted,Not formatted.,Niet geformatteerd.,Nicht formatiert.,Inte formaterat.,Non formattata.,No está formateada.,N'est pas formaté.
feText_SaveGST_NoSpace,ID388,<>,<>,<>,<>,<>,<>
feText_SaveGST_NoSave,Press ENTER to save the Race Image.,Druk op ENTER om het Racebeeld op te slaan.,"Drücke die Taste EINGABE,|um das Video zu speichern.",Tryck på RETUR för att spara bästa varvtid.,Premi INVIO per salvare il ghost.,Pulsa INTRO para guardar esta imagen de carrera.,Appuyez sur ENTREE pour|sauvegarder la Course Image.
feText_SaveGST_OK,Press ENTER to overwrite the existing Image.,Druk op ENTER om het bestaande beeld te overschrijven.,"Drücke die Taste EINGABE,|um das Video zu überschreiben.",Tryck på RETUR för att skriva över bästa varvtid.,Premi INVIO per sovrascrivere il ghost esistente.,Pulsa INTRO para sobrescribir la imagen existente.,Appuyez sur ENTREE pour|écraser l'image existante.
feText_LoadSaveMAX,<>,<>,<>,<>,<>,<>,<>
feText_ConfirmMIN,<>,<>,<>,<>,<>,<>,<>
feText_ConfirmFormat,INITIALISE?,INITIALISEREN?,INITIALISIERE?,INITIERA?,INIZIALIZZAZIONE?,INICIAR?,INITIALISER?
feText_ConfirmSaveConfig,Are you sure you want to overwrite Stunt GP Data?,Weet je zeker dat je Stunt GP-gegevens wilt overschrijven?,Möchtest du die Stunt GP-Daten wirklich überschreiben?,Är du säker på att du vill skriva över dessa Stunt GP-data?,Sei sicuro di voler sovrascrivere i dati di Stunt GP?,¿Estás seguro de que deseas sobrescribir los datos de Stunt GP?,Voulez-vous vraiment écraser les données de Stunt GP?
feText_ConfirmLoadConfig,Are you sure you want to Load this Stunt GP Data?,Weet je zeker dat je deze Stunt GP-gegevens wilt laden?,Möchtest du die Stunt GP-Daten wirklich laden?,Är du säker på att du vill ladda dessa Stunt GP-data?,Sei sicuro di voler caricare questi dati di Stunt GP?,¿Estás seguro de que deseas cargar estos datos de Stunt GP?,Voulez-vous vraiment charger les données de Stunt GP?
feText_ConfirmSaveGhost,Are you sure you want to overwrite this Race Image?,Weet je zeker dat je dit Racebeeld wilt overschrijven?,Möchtest du dieses Video wirklich überschreiben?,Är du säker på att du vill skriva över denna bästa varvtid?,Sei sicuro di voler sovrascrivere questa immagine di gara?,¿Estás seguro de que deseas sobrescribir esta imagen de carrera?,Voulez-vous vraiment écraser la Course Image?
feText_ConfirmLoadGhost,Are you sure you wish to Load this Race Image?|(Current Image will be lost),Weet je zeker dat je dit Racebeeld wilt laden?|(Huidig beeld gaat verloren),Möchtest du dieses Video wirklich laden?|(Momentane Rennaufzeichung wird gelöscht) ,Är du säker på att du vill ladda denna bästa varvtid?|(gällande varvtid kommer att raderas),Sei sicuro di voler caricare questa immagine di gara?|(L'immagine attuale andrà perduta).,¿Estás seguro de que deseas cargar esta imagen de carrera?|(Se perderá la imagen actual),Voulez-vous vraiment charger la Course Image?|(L'image actuelle sera perdue)
feText_ConfirmQuit,ID398,<>,<>,<>,<>,<>,<>
feText_InitCFG_Quit,Cancel without creating Data File?,Afsluiten zonder gegevensbestand te maken?,Verlassen ohne Daten zu speichern?,Vill du avsluta utan att|apa någon datafil?,Vuoi uscire senza creare il file di dati?,¿Deseas salir sin crear archivo de datos?,Quitter sans créer de fichier de données?
feText_LoadCFG_Quit,ID400,<>,<>,<>,<>,<>,<>
feText_SaveCFG_Quit,Cancel without saving Data?|(Data and Records could be lost).,Afsluiten zonder gegevens op te slaan?|(Gegevens en records kunnen verloren gaan).,Verlassen ohne Daten zu speichern?|(Daten und Rekorde könnten verloren gehen).,Vill du avsluta utan att spara?|(data och statistik kan raderas).,Vuoi uscire senza salvare i dati?|(I dati e i record andranno persi).,¿Deseas salir sin guardar los datos?|(Los datos y los records se pueden perder).,Quitter sans sauvegarder les données?
feText_LoadGST_Quit,ID402,<>,<>,<>,<>,<>,<>
feText_SaveGST_Quit,Cancel without saving your Race Image? ,Afsluiten zonder Racebeeld op te slaan? ,Verlassen ohne das Video zu speichern?,Vill du avsluta utan att spara din bästa varvtid? ,Vuoi uscire senza salvare l'immagine di gara? ,¿Deseas salir sin guardar la imagen de carrera? ,Quitter sans sauvegarder la Course Image?
feText_RetryFormat,ID404,<>,<>,<>,<>,<>,<>
feText_RetrySaveConfig,Save attempt failed!|Do you want to try again?,Kan niet opslaan!|Opnieuw proberen?,Speichern gescheitert!|Möchtest du es noch einmal versuchen?,Det gick inte att spara.|Vill du försöka igen?,Salvataggio fallito!|Vuoi riprovare?,¡El intento de guardado no ha tenido éxito!|¿Deseas intentarlo de nuevo?,Echec de la tentative de sauvegarde.|Essayer à nouveau?
feText_RetryLoadConfig,Load attempt failed!|Do you want to try again?,Kan niet laden!|Opnieuw proberen?,Laden gescheitert!|Möchtest du es noch einmal versuchen?,Det gick inte att ladda.|Vill du försöka igen?,Caricamento fallito!|Vuoi riprovare?,¡El intento de carga no ha tenido éxito!|¿Deseas intentarlo de nuevo?,Echec de la tentative de chargement.|Essayer à nouveau?
feText_RetrySaveGhost,Save Race Image attempt failed!|Do you want to try again?,Kan Racebeeld niet opslaan!|Opnieuw proberen?,Speichern der Rennaufzeichung gescheitert!|Möchtest du es noch einmal versuchen?,Det gick inte att spara bästa varvtid.|Vill du försöka igen?,Salvataggio immagine di gara fallito!|Vuoi riprovare?,¡El intento de guardar imagen de carrera no ha tenido éxito!|¿Deseas intentarlo de nuevo?,Echec de la sauvegarde de l'image.|Essayer à nouveau?
feText_RetryLoadGhost,Load Race Image attempt failed!|Do you want to try again?,Kan Racebeeld niet laden!|Opnieuw proberen?,Laden des Rennens gescheitert!|Möchtest du es noch einmal versuchen?,Det gick inte att ladda bästa varvtid.|Vill du försöka igen?,Caricamento immagine di gara fallito!|Vuoi riprovare?,¡El intento de carga de imagen de carrera no ha tenido éxito!|¿Deseas intentarlo de nuevo?,Echec du chargement de l'image.|Essayer à nouveau?
feText_RetryQuit,ID409,<>,<>,<>,<>,<>,<>
feText_WarnQuit,ID410,<>,<>,<>,<>,<>,<>
feText_WarnLoad,"Please Wait, Loading Data.","Even wachten, gegevens worden geladen.","Bitte warten, Daten werden geladen.","Vänta, laddar data. ","Attendere, caricamento dati.","Espera, cargando datos.",Chargement en cours.
feText_WarnSave,"Please Wait, Saving Data. ","Even wachten, gegevens worden opgeslagen. ","Bitte warten, Daten werden gespeichert.","Vänta, sparar data. ","Attendere, salvataggio dati.","Espera, guardando datos.",Sauvegarde en cours.
feText_WarnFormat,Please Wait,Even wachten,Bitte warten,Vänta,Attendere,Espera,Veuillez patienter
feText_ConfirmMAX,<>,<>,<>,<>,<>,<>,<>
feText_ConfigState_NoDevice,ID415,<>,<>,<>,<>,<>,<>
feText_ConfigState_NotConnected,ID416,<>,<>,<>,<>,<>,<>
feText_ConfigState_NotFormatted,: Available,: Beschikbaar,: Verfügbar,: Tillgängliga,: Disponibile,: Disponible,: disponible
feText_ConfigState_NoSpace,: Not enough free blocks.,: Onvoldoende vrije blokken,: Unzureichende freie Blöcke.,: Otillr. antal tomma block.,: Blocchi liberi insuff.,: No hay sufi. Bloq.libres,: espace insuffisant
feText_ConfigState_NoSave,: Available,: Beschikbaar,: Verfügbar,: Tillgängliga,: Disponibile,: Disponible,: disponible
feText_ConfigState_Saved,: Stunt GP Data.,: Stunt GP-gegevens,: Stunt-GP-Daten,: Stunt GP-data,: Dati di Stunt GP,: Datos de Stunt GP,: données Stunt GP
feText_GhostState_NoDevice,ID421,<>,<>,<>,<>,<>,<>
feText_GhostState_NotConnected,ID422,<>,<>,<>,<>,<>,<>
feText_GhostState_NotFormatted,: Not formatted.,: Niet geformatteerd.,: Nicht formatiert.,: Inte formaterat.,: Non formattata.,: No está formateada.,: N'est pas formaté.
feText_GhostState_NoSpace,: Not enough free blocks.,: Onvoldoende vrije blokken,: Unzureichende freie Blöcke.,: Otillr. antal tomma block,: Blocchi liberi insuff.,: No hay sufi. Bloq.libres,: espace insuffisant
feText_GhostState_NoSave,: Available,: Beschikbaar,: Verfügbar,: Tillgängliga,: Disponibile,: Disponible,: disponible
feText_GhostState_Saved,: Race Image,: Racebeeld,: Video,: Bästa varvtid,: Ghost,: Img. Carr.,: course image
feText_BlocksFree,<>,<>,<>,<>,<>,<>,<>
feText_BlocksRequiredFree,<>,<>,<>,<>,<>,<>,<>
feText_SaveName1,1,1,1,1,1,1,1
feText_SaveName2,2,2,2,2,2,2,2
feText_SaveName3,3,3,3,3,3,3,3
feText_SaveName4,4,4,4,4,4,4,4
feText_SaveName5,5,5,5,5,5,5,5
feText_SaveName6,6,6,6,6,6,6,6
feText_SaveName7,7,7,7,7,7,7,7
feText_SaveName8,8,8,8,8,8,8,8
feText_BatteryName01,TITAN 6V QUADRA-CELL,TITAN 6V QUADRA-CELL,TITAN 6V QUADRA-CELL,TITAN 6V QUADRA-CELL,TITAN 6V QUADRA-CELL,TITAN 6V QUADRA-CELL,TITAN 6V QUADRA-CELL
feText_BatteryName02,TITAN 6V DUO CELL,TITAN 6V DUO CELL,TITAN 6V DUO CELL,TITAN 6V DUO CELL,TITAN 6V DUO CELL,TITAN 6V DUO CELL,TITAN 6V DUO CELL
feText_BatteryName03,TITAN 7.2V POWERCELL NI-CAD ,TITAN 7.2V POWERCELL NI-CAD ,TITAN 7.2V POWERCELL NI-CAD ,TITAN 7.2V POWERCELL NI-CAD ,TITAN 7.2V POWERCELL NI-CAD ,TITAN 7.2V POWERCELL NI-CAD ,TITAN 7.2V POWERCELL NI-CAD 
feText_BatteryName04,TITAN 7.2V NI-MH POWERFORCE,TITAN 7.2V NI-MH POWERFORCE,TITAN 7.2V NI-MH POWERFORCE,TITAN 7.2V NI-MH POWERFORCE,TITAN 7.2V NI-MH POWERFORCE,TITAN 7.2V NI-MH POWERFORCE,TITAN 7.2V NI-MH POWERFORCE
feText_BatteryName05,TITAN 7.2V LITHIUM LITE-MAX,TITAN 7.2V LITHIUM LITE-MAX,TITAN 7.2V LITHIUM LITE-MAX,TITAN 7.2V LITHIUM LITE-MAX,TITAN 7.2V LITHIUM LITE-MAX,TITAN 7.2V LITHIUM LITE-MAX,TITAN 7.2V LITHIUM LITE-MAX
feText_BrakesName01,ITEX WHEELFORCE,ITEX WHEELFORCE,ITEX WHEELFORCE,ITEX WHEELFORCE,ITEX WHEELFORCE,ITEX WHEELFORCE,ITEX WHEELFORCE
feText_BrakesName02,ITEX WHEELFORCE ULTRA,ITEX WHEELFORCE ULTRA,ITEX WHEELFORCE ULTRA,ITEX WHEELFORCE ULTRA,ITEX WHEELFORCE ULTRA,ITEX WHEELFORCE ULTRA,ITEX WHEELFORCE ULTRA
feText_BrakesName03,ITEX MAXIM,ITEX MAXIM,ITEX MAXIM,ITEX MAXIM,ITEX MAXIM,ITEX MAXIM,ITEX MAXIM
feText_BrakesName04,ITEX BRAKESURE LITE,ITEX BRAKESURE LITE,ITEX BRAKESURE LITE,ITEX BRAKESURE LITE,ITEX BRAKESURE LITE,ITEX BRAKESURE LITE,ITEX BRAKESURE LITE
feText_BrakesName05,ITEX BRAKESURE PRO,ITEX BRAKESURE PRO,ITEX BRAKESURE PRO,ITEX BRAKESURE PRO,ITEX BRAKESURE PRO,ITEX BRAKESURE PRO,ITEX BRAKESURE PRO
feText_ChassisName01,TGR IMPACT,TGR IMPACT,TGR IMPACT,TGR IMPACT,TGR IMPACT,TGR IMPACT,TGR IMPACT
feText_ChassisName02,TGR FRAME-STAR,TGR FRAME-STAR,TGR FRAME-STAR,TGR FRAME-STAR,TGR FRAME-STAR,TGR FRAME-STAR,TGR FRAME-STAR
feText_ChassisName03,TGR HOLLOW-LITE,TGR HOLLOW-LITE,TGR HOLLOW-LITE,TGR HOLLOW-LITE,TGR HOLLOW-LITE,TGR HOLLOW-LITE,TGR HOLLOW-LITE
feText_ChassisName04,TGR ULTRA C,TGR ULTRA C,TGR ULTRA C,TGR ULTRA C,TGR ULTRA C,TGR ULTRA C,TGR ULTRA C
feText_ChassisName05,TGR CARBON MAGNA,TGR CARBON MAGNA,TGR CARBON MAGNA,TGR CARBON MAGNA,TGR CARBON MAGNA,TGR CARBON MAGNA,TGR CARBON MAGNA
feText_EngineName01,CALTECH 6V MOTOR,CALTECH 6V MOTOR,CALTECH 6V MOTOR,CALTECH 6V MOTOR,CALTECH 6V MOTOR,CALTECH 6V MOTOR,CALTECH 6V MOTOR
feText_EngineName02,CALTECH 7.2V MOTOR,CALTECH 7.2V MOTOR,CALTECH 7.2V MOTOR,CALTECH 7.2V MOTOR,CALTECH 7.2V MOTOR,CALTECH 7.2V MOTOR,CALTECH 7.2V MOTOR
feText_EngineName03,CALTECH MAX-LITE,CALTECH MAX-LITE,CALTECH MAX-LITE,CALTECH MAX-LITE,CALTECH MAX-LITE,CALTECH MAX-LITE,CALTECH MAX-LITE
feText_EngineName04,CALTECH MAX-PRO,CALTECH MAX-PRO,CALTECH MAX-PRO,CALTECH MAX-PRO,CALTECH MAX-PRO,CALTECH MAX-PRO,CALTECH MAX-PRO
feText_EngineName05,CALTECH NITRO-V EXTREME,CALTECH NITRO-V EXTREME,CALTECH NITRO-V EXTREME,CALTECH NITRO-V EXTREME,CALTECH NITRO-V EXTREME,CALTECH NITRO-V EXTREME,CALTECH NITRO-V EXTREME
feText_GearsName01,ITEX COGNITO 4-GEAR SYSTEM,ITEX COGNITO 4-GEAR SYSTEM,ITEX COGNITO 4-GEAR SYSTEM,ITEX COGNITO 4-GEAR SYSTEM,ITEX COGNITO 4-GEAR SYSTEM,ITEX COGNITO 4-GEAR SYSTEM,ITEX COGNITO 4-GEAR SYSTEM
feText_GearsName02,ITEX FIVE-STAR ,ITEX FIVE-STAR ,ITEX FIVE-STAR ,ITEX FIVE-STAR ,ITEX FIVE-STAR ,ITEX FIVE-STAR ,ITEX FIVE-STAR 
feText_GearsName03,ITEX FIVE-STAR PRO,ITEX FIVE-STAR PRO,ITEX FIVE-STAR PRO,ITEX FIVE-STAR PRO,ITEX FIVE-STAR PRO,ITEX FIVE-STAR PRO,ITEX FIVE-STAR PRO
feText_GearsName04,ITEX SIX-SHOOTER,ITEX SIX-SHOOTER,ITEX SIX-SHOOTER,ITEX SIX-SHOOTER,ITEX SIX-SHOOTER,ITEX SIX-SHOOTER,ITEX SIX-SHOOTER
feText_GearsName05,ITEX VELOCITY,ITEX VELOCITY,ITEX VELOCITY,ITEX VELOCITY,ITEX VELOCITY,ITEX VELOCITY,ITEX VELOCITY
feText_HornName01,TITAN VOXBOX,TITAN VOXBOX,TITAN VOXBOX,TITAN VOXBOX,TITAN VOXBOX,TITAN VOXBOX,TITAN VOXBOX
feText_HornName02,TITAN INFORMER,TITAN INFORMER,TITAN INFORMER,TITAN INFORMER,TITAN INFORMER,TITAN INFORMER,TITAN INFORMER
feText_HornName03,TITAN TWIN-HORN,TITAN TWIN-HORN,TITAN TWIN-HORN,TITAN TWIN-HORN,TITAN TWIN-HORN,TITAN TWIN-HORN,TITAN TWIN-HORN
feText_HornName04,TITAN SUPREMO,TITAN SUPREMO,TITAN SUPREMO,TITAN SUPREMO,TITAN SUPREMO,TITAN SUPREMO,TITAN SUPREMO
feText_HornName05,TITAN EVANGELIST,TITAN EVANGELIST,TITAN EVANGELIST,TITAN EVANGELIST,TITAN EVANGELIST,TITAN EVANGELIST,TITAN EVANGELIST
feText_ShocksName01,ITEX BASIC ,ITEX BASIC ,ITEX BASIC ,ITEX BASIC ,ITEX BASIC ,ITEX BASIC ,ITEX BASIC 
feText_ShocksName02,ITEX COMPACT,ITEX COMPACT,ITEX COMPACT,ITEX COMPACT,ITEX COMPACT,ITEX COMPACT,ITEX COMPACT
feText_ShocksName03,ITEX ABSORBER,ITEX ABSORBER,ITEX ABSORBER,ITEX ABSORBER,ITEX ABSORBER,ITEX ABSORBER,ITEX ABSORBER
feText_ShocksName04,ITEX ABSORBER PRO,ITEX ABSORBER PRO,ITEX ABSORBER PRO,ITEX ABSORBER PRO,ITEX ABSORBER PRO,ITEX ABSORBER PRO,ITEX ABSORBER PRO
feText_ShocksName05,ITEX ULTRA SHOCK,ITEX ULTRA SHOCK,ITEX ULTRA SHOCK,ITEX ULTRA SHOCK,ITEX ULTRA SHOCK,ITEX ULTRA SHOCK,ITEX ULTRA SHOCK
feText_BMSName01,MYSUKO MAXI-CONTROL BMS,MYSUKO MAXI-CONTROL BMS,MYSUKO MAXI-CONTROL BMS,MYSUKO MAXI-CONTROL BMS,MYSUKO MAXI-CONTROL BMS,MYSUKO MAXI-CONTROL BMS,MYSUKO MAXI-CONTROL BMS
feText_BMSName02,MYSUKO ENHANCED BMS,MYSUKO ENHANCED BMS,MYSUKO ENHANCED BMS,MYSUKO ENHANCED BMS,MYSUKO ENHANCED BMS,MYSUKO ENHANCED BMS,MYSUKO ENHANCED BMS
feText_BMSName03,MYSUKO BMS BYPASS,MYSUKO BMS BYPASS,MYSUKO BMS BYPASS,MYSUKO BMS BYPASS,MYSUKO BMS BYPASS,MYSUKO BMS BYPASS,MYSUKO BMS BYPASS
feText_BMSName04,MYSUKO MEPHISTO,MYSUKO MEPHISTO,MYSUKO MEPHISTO,MYSUKO MEPHISTO,MYSUKO MEPHISTO,MYSUKO MEPHISTO,MYSUKO MEPHISTO
feText_BMSName05,MYSUKO DIABLO EXTREME,MYSUKO DIABLO EXTREME,MYSUKO DIABLO EXTREME,MYSUKO DIABLO EXTREME,MYSUKO DIABLO EXTREME,MYSUKO DIABLO EXTREME,MYSUKO DIABLO EXTREME
feText_TyresName01,R-LINE DIRTBUSTER,R-LINE DIRTBUSTER,R-LINE DIRTBUSTER,R-LINE DIRTBUSTER,R-LINE DIRTBUSTER,R-LINE DIRTBUSTER,R-LINE DIRTBUSTER
feText_TyresName02,R-LINE MAXI-GRIP,R-LINE MAXI-GRIP,R-LINE MAXI-GRIP,R-LINE MAXI-GRIP,R-LINE MAXI-GRIP,R-LINE MAXI-GRIP,R-LINE MAXI-GRIP
feText_TyresName03,R-LINE AEROSTUNT,R-LINE AEROSTUNT,R-LINE AEROSTUNT,R-LINE AEROSTUNT,R-LINE AEROSTUNT,R-LINE AEROSTUNT,R-LINE AEROSTUNT
feText_TyresName04,R-LINE VORTEX,R-LINE VORTEX,R-LINE VORTEX,R-LINE VORTEX,R-LINE VORTEX,R-LINE VORTEX,R-LINE VORTEX
feText_TyresName05,R-LINE VELOCITY,R-LINE VELOCITY,R-LINE VELOCITY,R-LINE VELOCITY,R-LINE VELOCITY,R-LINE VELOCITY,R-LINE VELOCITY
feText_BoostName01,MYSUKO STUNT LITE,MYSUKO STUNT LITE,MYSUKO STUNT LITE,MYSUKO STUNT LITE,MYSUKO STUNT LITE,MYSUKO STUNT LITE,MYSUKO STUNT LITE
feText_BoostName02,MYSUKO STUNT ACE,MYSUKO STUNT ACE,MYSUKO STUNT ACE,MYSUKO STUNT ACE,MYSUKO STUNT ACE,MYSUKO STUNT ACE,MYSUKO STUNT ACE
feText_BoostName03,MYSUKO MAXI-LIFT,MYSUKO MAXI-LIFT,MYSUKO MAXI-LIFT,MYSUKO MAXI-LIFT,MYSUKO MAXI-LIFT,MYSUKO MAXI-LIFT,MYSUKO MAXI-LIFT
feText_BoostName04,MYSUKO MAXI-LIFT PRO,MYSUKO MAXI-LIFT PRO,MYSUKO MAXI-LIFT PRO,MYSUKO MAXI-LIFT PRO,MYSUKO MAXI-LIFT PRO,MYSUKO MAXI-LIFT PRO,MYSUKO MAXI-LIFT PRO
feText_BoostName05,MYSUKO STUNT PRO SPECIAL EDITION,MYSUKO STUNT PRO SPECIAL EDITION,MYSUKO STUNT PRO SPECIAL EDITION,MYSUKO STUNT PRO SPECIAL EDITION,MYSUKO STUNT PRO SPECIAL EDITION,MYSUKO STUNT PRO SPECIAL EDITION,MYSUKO STUNT PRO SPECIAL EDITION
feText_DriveName01,TGR EAGLE FWD SYSTEM,TGR EAGLE FWD SYSTEM,TGR EAGLE FWD SYSTEM,TGR EAGLE FWD SYSTEM,TGR EAGLE FWD SYSTEM,TGR EAGLE FWD SYSTEM,TGR EAGLE FWD SYSTEM
feText_DriveName02,TGR STALLION RWD SYSTEM,TGR STALLION RWD SYSTEM,TGR STALLION RWD SYSTEM,TGR STALLION RWD SYSTEM,TGR STALLION RWD SYSTEM,TGR STALLION RWD SYSTEM,TGR STALLION RWD SYSTEM
feText_DriveName03,TGR 4WD SYSTEM,TGR 4WD SYSTEM,TGR 4WD SYSTEM,TGR 4WD SYSTEM,TGR 4WD SYSTEM,TGR 4WD SYSTEM,TGR 4WD SYSTEM
feText_ComponentInfoMIN,FETEXT_COMPONENTINFOMIN,<>,<>,<>,<>,<>,<>
feText_BatteryInfo01,TITAN 6V QUADRA-CELL||Heavy 4 Cell Battery.,TITAN 6V QUADRA-CELL||Zware viercellige batterij.,TITAN 6V QUADRA-CELL||Schwere 4-Zell-Batterie.,TITAN 6V QUADRA-CELL||Tungt fyrcelligt batteri.,TITAN 6V QUADRA-CELL||Pesante batteria a 4 cellule.,TITAN 6V QUADRA-CELL||Batería resistente de 4 pilas.,TITAN 6V QUADRA-CELL||Batterie lourde 4 cellules.
feText_BatteryInfo02,TITAN 6V DUO CELL||Dual Cell Delivers More Charge.,TITAN 6V DUO CELL||Dubbele cel levert grotere lading.,TITAN 6V DUO CELL||Dualzelle mit verstärkter Ladung.,TITAN 6V DUO CELL||Mer kraft med Dual Cell.,TITAN 6V DUO CELL||Doppia cellula per doppia carica.,TITAN 6V DUO CELL||Pila doble que aporta más carga.,PILE DOUBLE TITAN 6V||Double pile pour plus d'énergie.
feText_BatteryInfo03,TITAN 7.2V POWERCELL NI-CAD||Efficient High Capacity Cell.,TITAN 7.2V POWERCELL NI-CAD||Efficiënte cel met hoge capaciteit.,TITAN 7.2V POWERCELL NI-CAD||Effiziente Hochkapazitätszelle.,TITAN 7.2V POWERCELL NI-CAD||Effektivt batteri med hög kapacitet.,TITAN 7.2V POWERCELL||Cellule ad alta capacità.,TITAN 7.2V POWERCELL NI-CAD||Pila de gran capacidad.,BATTERIE Ni-Cad TITAN 7.2V||Batterie haute capacité.
feText_BatteryInfo04,TITAN 7.2V POWERFORCE||High Performance Ni-MH Cell.,TITAN 7.2V POWERFORCE||NiCad-cel met groot prestatievermogen.,TITAN 7.2V POWERFORCE||Hochleistungs-NiCd-Zelle.,TITAN 7.2V POWERFORCE||Högeffektivt nickel-kadmiumbatteri.,TITAN 7.2V POWERFORCE||Cellule ad alte prestazioni.,TITAN 7.2V POWERFORCE||Pila de NiCad de alto rendimiento.,TITAN 7.2V POWERFORCE||Batterie Ni-Mh hautes performances.
feText_BatteryInfo05,"TITAN 7.2V LITE-MAX||Super Light, Super Charged! ","TITAN 7.2V LITE-MAX||Super licht, super sterk!","TITAN 7.2V LITE-MAX||Superleicht, supergeladen! ",TITAN 7.2V LITE-MAX||Superlätt och superladdat! ,"TITAN 7.2V LITE-MAX||Super leggera, super carica! ","TITAN 7.2V LITE-MAX||Super ligera, super cargada","TITAN 7.2V LITE-MAX||Super légère, super puissante!"
feText_BrakesInfo01,ITEX WHEELFORCE||Basic Brake System.,ITEX WHEELFORCE||Basisremsysteem.,ITEX WHEELFORCE||Einfaches Bremssystem.,ITEX WHEELFORCE||Standardbromssystem.,ITEX WHEELFORCE||Sistema frenante base.,ITEX WHEELFORCE||Sistema de frenado básico.,ITEX WHEELFORCE||Système de freinage de base.
feText_BrakesInfo02,ITEX WHEELFORCE ULTRA||Enhanced Performance.,ITEX WHEELFORCE ULTRA||Verbeterde prestaties.,ITEX WHEELFORCE ULTRA||Verstärkte Leistung.,ITEX WHEELFORCE ULTRA||Förbättrade prestanda.,ITEX WHEELFORCE ULTRA||Prestazioni avanzate.,ITEX WHEELFORCE ULTRA||Rendimiento potenciado.,ITEX WHEELFORCE ULTRA||Performances améliorées.
feText_BrakesInfo03,ITEX MAXIM||Improved Efficiency.,ITEX MAXIM||Verbeterde doeltreffendheid.,ITEX MAXIM||Verbesserte Effizienz.,ITEX MAXIM||Förbättrad effektivitet.,ITEX MAXIM||Massima efficienza.,ITEX MAXIM||Eficacia mejorada.,ITEX MAXIM||Plus d'efficacité!
feText_BrakesInfo04,ITEX BRAKESURE LITE||Responsive Brake System.,ITEX BRAKESURE LITE||Responsief remsysteem.,ITEX BRAKESURE LITE||Reaktives Bremssystem.,ITEX BRAKESURE LITE||Känsligt bromssystem.,ITEX BRAKESURE LITE||Frenata sempre al limite.,ITEX BRAKESURE LITE||Sistema de frenado de respuesta.,SECUFREIN LIGHT ITEX||Système de freinage perfectionné.
feText_BrakesInfo05,ITEX BRAKESURE PRO||Outstanding Brake.,ITEX BRAKESURE PRO||Superieure rem.,ITEX BRAKESURE PRO||Herausragendes Bremssystem.,ITEX BRAKESURE PRO||Enastående bromsar.,ITEX BRAKESURE PRO||Massima efficacia frenante.,ITEX BRAKESURE PRO||Frenado excepcional.,SECUFREIN PRO ITEX||Un freinage incroyable!
feText_ChassisInfo01,TGR IMPACT||Base Heavy Duty Chassis.,"TGR IMPACT||Basischassis, berekend op zwaar werk.","TGR IMPACT||Basismodell, starkes Chassis.",TGR IMPACT||Tungt standardchassi.,TGR IMPACT||Telaio base medio-pesante.,TGR IMPACT||Chasis de base dura.,TGR IMPACT||Châssis de base solide et lourd.
feText_ChassisInfo02,TGR FRAME-STAR||Stronger And Heavier.,TGR FRAME-STAR||Sterker en zwaarder.,TGR FRAME-STAR||Stärker und schwerer.,TGR FRAME-STAR||Starkare och tyngre.,TGR FRAME-STAR||Più forte e resistente.,TGR FRAME-STAR||Con más potencia y más pesado.,TGR FRAME-STAR||Plus lourd et plus robuste.
feText_ChassisInfo03,TGR HOLLOW-LITE||Reinforced Chassis.,TGR HOLLOW-LITE||Versterkt chassis.,TGR HOLLOW-LITE||Verstärktes Chassis.,TGR HOLLOW-LITE||Förstärkt chassi.,TGR HOLLOW-LITE||Telaio rinforzato.,TGR HOLLOW-LITE||Chasis reforzado.,TGR HOLLOW-LITE||Châssis renforcé.
feText_ChassisInfo04,"TGR ULTRA C||Strong And Light, Very Desirable.","TGR ULTRA C||Sterk en licht, erg aantrekkelijk.","TGR ULTRA C||Stark und leicht, sehr begehrt.","TGR ULTRA C||Starkt och lätt, mycket åtråvärt.","TGR ULTRA C||Solido e leggero, molto ambito.","TGR ULTRA C||Con potencia y ligero, muy deseable.","TGR ULTRA C||Robuste et léger, recommandé!"
feText_ChassisInfo05,TGR CARBON MAGNA||Ultra Light And Super-Strong.,TGR CARBON MAGNA||Vederlicht en supersterk.,TGR CARBON MAGNA||Ultraleicht und superstark.,TGR CARBON MAGNA||Ultralätt och superstarkt.,TGR CARBON MAGNA||Super leggero e super resistente.,TGR CARBON MAGNA||Ultraligero y con extra de potencia. ,TGR CARBON MAGNA||Ultra léger et méga-solide!
feText_EngineInfo01,CALTECH 6V MOTOR||Best-Value Motor.,CALTECH 6V MOTOR||Waar voor je geld.,CALTECH 6V MOTOR||Hochwertiger Motor.,CALTECH 6V MOTOR||Den mest prisvärda motorn.,CALTECH 6V MOTOR||Il motore a miglior prezzo.,CALTECH 6V MOTOR||Motor más rentable.,CALTECH 6V MOTOR||Un moteur bon marché.
feText_EngineInfo02,CALTECH 7.2V MOTOR||Improved 7.2v Performance.,CALTECH 7.2V MOTOR||Verbeterde 7.2v-prestaties.,CALTECH 7.2V MOTOR||Verbesserte 7.2v Leistung.,"CALTECH 7.2V MOTOR||Förbättrad 7,2 V kapacitet.",CALTECH 7.2V MOTOR||Prestazioni avanzate 7.2v.,CALTECH 7.2V MOTOR||Rendimiento mejorado 7.2v.,"CALTECH 7.2V MOTOR||Performances 7,2v améliorées."
feText_EngineInfo03,CALTECH MAX-LITE||Basic Engine.,CALTECH MAX-LITE||Basismotor,CALTECH MAX-LITE||Basismodell Motor,CALTECH MAX-LITE||Standardmotor,CALTECH MAX-LITE||Motore di grande affidabilità.,CALTECH MAX-LITE||Motor básico,CALTECH MAX-LITE||Un moteur décent.
feText_EngineInfo04,CALTECH MAX-PRO||Improved Performance.,CALTECH MAX-PRO||Verbeterde prestaties.,CALTECH MAX-PRO||Verbesserte Leistung.,CALTECH MAX-PRO||Förbättrade prestanda.,CALTECH MAX-PRO||Prestazioni potenziate.,CALTECH MAX-PRO||Rendimiento mejorado.,CALTECH MAX-PRO||Plus de puissance.
feText_EngineInfo05,CALTECH NITRO-V EXTREME||High Performance Nitro-Engine.,CALTECH NITRO-V EXTREME||Nitro-motor met groot prestatievermogen. ,CALTECH NITRO-V EXTREME||Hochleistungs-Nitro-Motor.,CALTECH NITRO-V EXTREME||Nitromotor med hög kapacitet.,CALTECH NITRO-V EXTREME||Motore nitro ad altissime prestazioni.,CALTECH NITRO-V EXTREMO||Nitro-motor de alto rendimiento.,CALTECH NITRO-V EXTREME||Performances maximales!
feText_GearsInfo01,ITEX COGNITO 4-GEAR SYSTEM||Basic 2 Gear System.,ITEX COGNITO 4-GEAR SYSTEM||Basissysteem met 2 versnellingen.,ITEX COGNITO 4-GEAR SYSTEM||Basismodell 2-Gang-System.,ITEX COGNITO 4-GEAR SYSTEM||Grundläggande växellåda med fyra växlar.,ITEX COGNITO 4-GEAR SYSTEM||Cambio base a 2 rapporti.,ITEX COGNITO 4-GEAR SYSTEM||Sistema de dos marchas básico.,ITEX COGNITO 4-GEAR SYSTEM||Système à 2 vitesses.
feText_GearsInfo02,"ITEX FIVE-STAR ||3 Gear System, Improved Efficiency.","ITEX FIVE-STAR ||3 versnellingen, grotere efficiëntie.","ITEX FIVE-STAR ||3-Gang-System, verbesserte Effizienz.","ITEX FIVE-STAR||3-växlad låda, ökad effektivitet.",ITEX FIVE-STAR ||Sistema a 3 rapporti - super efficienza.,"ITEX FIVE-STAR||Sistema de 3 marchas, Eficacia mejorada.","ITEX FIVE-STAR||Système 3 vitesses, plus d'efficacité."
feText_GearsInfo03,ITEX FIVE-STAR PRO||5 Gear System.,ITEX FIVE-STAR PRO||Systeem met 5 versnellingen.,ITEX FIVE-STAR PRO||5-Gang-System.,ITEX FIVE-STAR PRO||Växellåda med 5 växlar.,ITEX FIVE-STAR PRO||Sistema a 5 rapporti.,ITEX FIVE-STAR PRO||Sistema de cinco marchas.,ITEX FIVE-STAR PRO||Système 5 vitesses.
feText_GearsInfo04,ITEX SIX-SHOOTER||Advanced 6 Gear System.,ITEX SIX-SHOOTER||Geavanceerd systeem met 6 versnellingen.,ITEX SIX-SHOOTER||Erweitertes 6-Gang-System.,ITEX SIX-SHOOTER||Avancerad växellåda med 6 växlar.,ITEX SIX-SHOOTER||Sistema avanzato a 6 rapporti.,ITEX SIX-SHOOTER||Sistema de 6 marchas avanzado.,ITEX SIX-SHOOTER||Système de pointe 6 vitesses.
feText_GearsInfo05,ITEX VELOCITY||6 Gear Racing Specification.,ITEX VELOCITY||Racespecificatie met 6 versnellingen.,ITEX VELOCITY||6-Gang-Rennausführung.,ITEX VELOCITY||Racingväxellåda med 6 växlar.,ITEX VELOCITY||Sistema a 6 rapporti da gara.,ITEX VELOCITY||Especificación de carreras de 6 marchas.,"ITEX VELOCITY||Système 6 vitesses, modèle de course."
feText_HornInfo01,TITAN VOXBOX||Basic Horn System.,TITAN VOXBOX||Basisclaxonsysteem.,TITAN VOXBOX||Basismodell Hupe.,TITAN VOXBOX||Standardtuta.,TITAN VOXBOX||Clacson tradizionale.,TITAN VOXBOX||Sistema de bocinas básico.,TITAN VOXBOX||Klaxon tout simple.
feText_HornInfo02,TITAN INFORMER||Make Yourself Heard!,TITAN INFORMER||Laat wat van je horen!,TITAN INFORMER||Du hast hier was zu melden!,TITAN INFORMER||Gör väsen av dig!,TITAN INFORMER||Fatti sentire!,TITAN INFORMER||¡Que te escuchen bien!,TITAN INFORMER||Faites-vous entendre!
feText_HornInfo03,TITAN TWIN-HORN||Twin Horn System.,TITAN TWIN-HORN||Systeem voor dubbele claxon.,TITAN TWIN-HORN||Doppelhornsystem.,TITAN TWIN-HORN||Dubbeltuta.,TITAN TWIN-HORN||Clacson a doppia canna.,TITAN TWIN-HORN||Sistema de doble bocina. ,TITAN TWIN-HORN||Double Klaxon.
feText_HornInfo04,TITAN SUPREMO||Loud And Proud.,TITAN SUPREMO||Keihard en keigaaf.,TITAN SUPREMO||Laut und stolz.,TITAN SUPREMO||Högt och ljudligt.,TITAN SUPREMO||Forte e chiaro.,TITÁN SUPREMO||Escandaloso y orgulloso.,TITAN SUPREMO||Haut et fort.
feText_HornInfo05,TITAN EVANGELIST||Exhibitionists Only!,TITAN EVANGELIST||Voor wie haantje de voorste wil zijn!,TITAN EVANGELIST||Nur für Exhibitionisten!,TITAN EVANGELIST||Endast för exhibitionister!,TITAN EVANGELIST||Solo per veri esibizionisti!,TITAN EVANGELIST||¡Sólo exhibicionistas!,TITAN EVANGELIST||Seulement pour les extravertis!
feText_ShocksInfo01,ITEX BASIC ||Basic Shocks.,ITEX BASIC ||Basisschokdempers.,ITEX BASIC ||Basismodell Stoßdämpfer.,ITEX BASIC ||Standardstötdämpare.,ITEX BASIC||Ammortizzatori base.,ITEX BASIC||Choques básicos.,ITEX BASIC||Amortisseurs de base.
feText_ShocksInfo02,ITEX COMPACT||Enhanced Ride.,ITEX COMPACT||Verbeterd rijgenot.,ITEX COMPACT||Verbesserte Stoßdämpfer.,ITEX COMPACT||Bättre kontakt.,ITEX COMPACT||Prestazioni avanzate.,ITEX COMPACT||Mejorado.,ITEX COMPACT||Plus de confort.
feText_ShocksInfo03,ITEX ABSORBER||Damage Reducing Travel.,ITEX ABSORBER||Rij 'bijna' schadevrij.,ITEX ABSORBER||Schadensreduzierende Wirkung.,ITEX ABSORBER||Tåligare mot skador.,ITEX ABSORBER||Riduzione delle vibrazioni.,ITEX ABSORBER||Daño reducido.,ITEX ABSORBER||Moins de dégâts.
feText_ShocksInfo04,ITEX ABSORBER PRO||Super Tough And Strong.,ITEX ABSORBER PRO||Supersolide en supersterk.,ITEX ABSORBER PRO||Superhart und stark.,ITEX ABSORBER PRO||Supertåliga och starka.,ITEX ABSORBER PRO||Grande resistenza e assorbimento.,ITEX ABSORBER PRO||Super fuerte y con potencia.,ITEX ABSORBER PRO||Fermes et résistants.
feText_ShocksInfo05,ITEX ULTRA SHOCK||Max Absorption!,ITEX ULTRA SHOCK||Maximale demping!,ITEX ULTRA SHOCK||Maximale Absorbtion!,ITEX ULTRA SHOCK||Maximal stötdämpning.,ITEX ULTRA SHOCK||Massimo assorbimento!,ITEX ULTRA SHOCK||¡Máxima absorción!,ITEX ULTRA SHOCK||Absorption maximale.
feText_BMSInfo01,MYSUKO MAXI-CONTROL BMS||Maximum Brake And Handling Aids.,MYSUKO MAXI-CONTROL BMS||Maximumhulp voor remmen en besturen.,MYSUKO MAXI-CONTROL BMS||Maximale Brems- und Handlinghilfe,MYSUKO MAXI-CONTROL BMS||Max. bromsverkan och köregenskaper,MYSUKO MAXI-CONTROL BMS||Servofreno stabilizzante.,MYSUKO MAXI-CONTROL BMS||Frenado máximo y tratamiento de ayudas,MYSUKO MAXI-CONTROL BMS||Assistance direction/freinage maximale.
feText_BMSInfo02,MYSUKO ENHANCED BMS||Increased Performance Levels.,MYSUKO ENHANCED BMS||Verbeterde prestatieniveaus.,MYSUKO ENHANCED BMS||Verbessertes Leistungsniveau,MYSUKO ENHANCED BMS||Förbättrade prestanda,MYSUKO ENHANCED BMS||Prestazioni di livello superiore.,MYSUKO ENHANCED BMS||Niveles de rendimiento aumentados,MYSUKO ENHANCED BMS||Performances accrues.
feText_BMSInfo03,"MYSUKO BMS BYPASS||Increased Performance, Less Aid.","MYSUKO BMS BYPASS||Verbeterde prestaties, minder hulp","MYSUKO BMS BYPASS||Verbesserte Leistung, geringe Hilfe.","MYSUKO BMS BYPASS||Bättre prestanda, sämre bromsverkan","MYSUKO BMS BYPASS||Prestazioni avanzate, meno aiuti.","MYSUKO BMS BYPASS||Rendimiento aumentado, menos ayuda","MYSUKO BMS BYPASS||Plus de performances, moins d'aide."
feText_BMSInfo04,MYSUKO MEPHISTO||Minimum Driving Aid.,MYSUKO MEPHISTO||Minimum besturingshulp,MYSUKO MEPHISTO||Minimale Verstärkung,MYSUKO MEPHISTO||Minimal bromsverkan,MYSUKO MEPHISTO||Minimo aiuto di guida.,MYSUKO MEPHISTO||Ayuda de conducción mínima,MYSUKO MEPHISTO||Assistance minimale.
feText_BMSInfo05,MYSUKO DIABLO EXTREME||Maximum Control And Performance.,MYSUKO DIABLO EXTREME||Maximumbeheersing en -prestaties.,MYSUKO DIABLO EXTREME||Maximale Kontrolle und Leistung.,MYSUKO DIABLO EXTREME||Maximal kontroll och prestanda.,MYSUKO DIABLO EXTREME||Massimo controllo e prestazioni.,MYSUKO DIABLO EXTREMO||Máximo control y rendimiento.,MYSUKO DIABLO EXTREME||Maîtrise totale du véhicule.
feText_TyresInfo01,R-LINE DIRTBUSTER||Off-Road Tyres For Max Grip.,R-LINE DIRTBUSTER||Terreinbanden voor maximumgrip,R-LINE DIRTBUSTER||Off-Road-Reifen für maximalen Grip,R-LINE DIRTBUSTER||Terrängdäck för maximalt grepp,R-LINE DIRTBUSTER||Pneumatici fuoristrada di grande aderenza.,R-LINE DIRTBUSTER||Neumaticos máx. agarre.,R-LINE DIRTBUSTER||Pneus tout-terrain pour plus d'adhésion.
feText_TyresInfo02,R-LINE MAXI-GRIP||General Purpose.,R-LINE MAXI-GRIP||Voor algemeen gebruik.,R-LINE MAXI-GRIP||Allzweckreifen,R-LINE MAXI-GRIP||Universaldäck.,R-LINE MAXI-GRIP||Per tutte le superfici.,R-LINE MAXI-GRIP||Propósito general.,R-LINE MAXI-GRIP||Pneus généralistes.
feText_TyresInfo03,"R-LINE AEROSTUNT||General Purpose, All Terrain Tyres.",R-LINE AEROSTUNT||Terreinbanden voor algemeen gebruik.,"R-LINE AEROSTUNT||Allzweickreifen, alle Geländetypen.",R-LINE AEROSTUNT||Universaldäck för alla terrängtyper.,R-LINE AEROSTUNT||Per ogni tipo di terreno.,R-LINE AEROSTUNT||Uso general. Neumáticos todoterreno.,R-LINE AEROSTUNT||Pneus généralistes améliorés.
feText_TyresInfo04,"R-LINE VORTEX||Faster, Slicker Tyres.","R-LINE VORTEX||Snellere, gladdere banden","R-LINE VORTEX||Schnellere, griffigere Reifen","R-LINE VORTEX||Snabbare, smäckrare däck",R-LINE VORTEX||Ruote lisce e veloci.,R-LINE VORTEX||Más rápido y neumáticos eficaces,R-LINE VORTEX||Pneus rapides.
feText_TyresInfo05,R-LINE VELOCITY||Racing Slicks.,R-LINE VELOCITY||Raceslicks,R-LINE VELOCITY||Rennslicks,R-LINE VELOCITY||Racerdäck,R-LINE VELOCITY||Pneumatici da corsa.,R-LINE VELOCITY||Carreras hábiles,R-LINE VELOCITY||Pneus de course!
feText_BoostInfo01,MYSUKO STUNT LITE||Basic Stunt Boost.,MYSUKO STUNT LITE||Basisstuntboost.,MYSUKO STUNT LITE||Basismodell Stuntboost.,MYSUKO STUNT LITE||Standardturbo.,MYSUKO STUNT LITE||Turbo spinta base.,MYSUKO STUNT LITE||Propulsión Stunt básica.,MYSUKO STUNT LITE||Mini turbo.
feText_BoostInfo02,MYSUKO STUNT ACE||Improved Launch.,MYSUKO STUNT ACE||Verbeterde lancering.,MYSUKO STUNT ACE||Verbesserter Antrieb.,MYSUKO STUNT ACE||Förbättrad katapultkraft.,MYSUKO STUNT ACE||Spinta addizionale.,MYSUKO STUNT ACE||Lanzamiento mejorado.,MYSUKO STUNT ACE||Un démarrage en trombe.
feText_BoostInfo03,MYSUKO MAXI-LIFT||Increased Turbo.,MYSUKO MAXI-LIFT||Verhoogde turbo.,MYSUKO MAXI-LIFT||Verbesserter Turbo.,MYSUKO MAXI-LIFT||Förbättrad turbo.,MYSUKO MAXI-LIFT||Turbo potenziato.,MYSUKO MAXI-LIFT||Turboreacción aumentado.,MYSUKO MAXI-LIFT||Maxi turbo.
feText_BoostInfo04,MYSUKO MAXI-LIFT PRO||Super Launch Potential.,MYSUKO MAXI-LIFT PRO||Potentie voor superlancering.,MYSUKO MAXI-LIFT PRO||Super-Rakenten-Potenzial.,MYSUKO MAXI-LIFT PRO||Superkatapult.,MYSUKO MAXI-LIFT PRO||Turbo esplosivo.,MYSUKO MAXI-LIFT PRO||Super lanzamiento potencial.,MYSUKO MAXI-LIFT PRO||Maxi démarrage en vue.
feText_BoostInfo05,MYSUKO STUNT PRO SPECIAL EDITION||Stunt Boost Extreme!,MYSUKO STUNT PRO SPECIAL EDITION||Stunt Boost Extreme!,MYSUKO STUNT PRO SPECIAL EDITION||Extremer-Stunt-Boost!,MYSUKO STUNT PRO SPECIAL EDITION||Extrem turbo!,MYSUKO STUNT PRO SPECIAL EDITION||Turbo esplosivo!,MYSUKO STUNT PRO SPECIAL EDITION||¡Propulsión extrema Stunt!,MYSUKO STUNT PRO SPECIAL EDITION||Turbo pour cascadeurs extrêmes.
feText_DriveInfo01,TGR Front Wheel Drive System.,TGR-systeem voor achterwielaandrijving,TGR Hinterradantrieb,TGR bakhjulsdrift,Servoguida TGR a trazione posteriore.,TGR Sistema de conducción|de ruedas traseras,Système traction avant TGR
feText_DriveInfo02,TGR Rear Wheel Drive System.,TGR-systeem voor voorwielaandrijving,TGR Vorderradantrieb,TGR framhjulsdrift,Servoguida TGR a trazione anteriore.,TGR Sistema de conducción|de ruedas delanteras ,Système traction arrière TGR
feText_DriveInfo03,TGR Four Wheel Drive System.,TGR-systeem voor vierwielaandrijving,TGR Allradantrieb,TGR fyrhjulsdrift,Servoguida TGR a trazione integrale.,TGR Sistema de conducción|de cuatro ruedas,Système 4x4 TGR
feText_CatCarInfo01,MEAN STREAK,MEAN STREAK,MEAN STREAK,MEAN STREAK,MEAN STREAK,MEAN STREAK,MEAN STREAK
feText_CatCarInfo02,THE HUSTLER,THE HUSTLER,THE HUSTLER,THE HUSTLER,THE HUSTLER,THE HUSTLER,THE HUSTLER
feText_CatCarInfo03,TWIN EAGLE,TWIN EAGLE,TWIN EAGLE,TWIN EAGLE,TWIN EAGLE,TWIN EAGLE,TWIN EAGLE
feText_CatCarInfo04,SKY HAWK,SKY HAWK,SKY HAWK,SKY HAWK,SKY HAWK,SKY HAWK,SKY HAWK
feText_CatCarInfo05,THE PHANTOM,THE PHANTOM,THE PHANTOM,THE PHANTOM,THE PHANTOM,THE PHANTOM,THE PHANTOM
feText_CatCarInfo06,ROAD HOG,ROAD HOG,ROAD HOG,ROAD HOG,ROAD HOG,ROAD HOG,ROAD HOG
feText_CatCarInfo07,DUNE RAT,DUNE RAT,DUNE RAT,DUNE RAT,DUNE RAT,DUNE RAT,DUNE RAT
feText_CatCarInfo08,NITRO LIGHTNIN',NITRO LIGHTNIN',NITRO LIGHTNIN',NITRO LIGHTNIN',NITRO LIGHTNIN',NITRO LIGHTNIN',NITRO LIGHTNIN'
feText_CatCarInfo09,ALLEY KAT,ALLEY KAT,ALLEY KAT,ALLEY KAT,ALLEY KAT,ALLEY KAT,ALLEY KAT
feText_CatCarInfo10,SAND SHARK,SAND SHARK,SAND SHARK,SAND SHARK,SAND SHARK,SAND SHARK,SAND SHARK
feText_CatCarInfo11,THE BRUTE,THE BRUTE,THE BRUTE,THE BRUTE,THE BRUTE,THE BRUTE,THE BRUTE
feText_CatCarInfo12,WILD DART,WILD DART,WILD DART,WILD DART,WILD DART,WILD DART,WILD DART
feText_CatCarInfo13,RAGING BULL,RAGING BULL,RAGING BULL,RAGING BULL,RAGING BULL,RAGING BULL,RAGING BULL
feText_CatCarInfo14,FLYING MANTIS,FLYING MANTIS,FLYING MANTIS,FLYING MANTIS,FLYING MANTIS,FLYING MANTIS,FLYING MANTIS
feText_CatCarInfo15,STUNT MONKEY,STUNT MONKEY,STUNT MONKEY,STUNT MONKEY,STUNT MONKEY,STUNT MONKEY,STUNT MONKEY
feText_CatCarInfo16,INFERNO,INFERNO,INFERNO,INFERNO,INFERNO,INFERNO,INFERNO
feText_CatCarInfo17,THE FORKSTER,THE FORKSTER,THE FORKSTER,THE FORKSTER,THE FORKSTER,THE FORKSTER,THE FORKSTER
feText_CatCarInfo18,WORMSMOBILE,WORMS MOBILE,WORMS MOBILE,WORMS MOBILE,WORMS MOBILE,WORMS MOBILE,WORMS MOBILE
feText_CatCarInfo19,FORMULA 17,FORMULA 17,FORMULA 17,FORMULA 17,FORMULA 17,FORMULA 17,FORMULA 17
feText_CatCarInfo20,TEAM MACHINE,TEAM MACHINE,TEAM MACHINE,TEAM MACHINE,TEAM MACHINE,TEAM MACHINE,TEAM MACHINE
feText_CatCarInfoStunt,STUNT BOWL SPECIAL(21),STUNT-BOWL SPECIAL,STUNT-BOWL SPECIAL,STUNT-BOWL SPECIAL,STUNT-BOWL SPECIAL,STUNT-BOWL SPECIAL,STUNT-BOWL SPECIAL
feText_CatTrackInfo01,CRAZY STRAIGHTS,CRAZY STRAIGHTS,CRAZY STRAIGHTS,CRAZY STRAIGHTS,CRAZY STRAIGHTS,CRAZY STRAIGHTS,CRAZY STRAIGHTS
feText_CatTrackInfo02,BANK JOB,BANK JOB,BANK JOB,BANK JOB,BANK JOB,BANK JOB,BANK JOB
feText_CatTrackInfo03,TUBULAR HELL,TUBULAR HELL,TUBULAR HELL,TUBULAR HELL,TUBULAR HELL,TUBULAR HELL,TUBULAR HELL
feText_CatTrackInfo04,CURBED HEIGHTS,CURBED HEIGHTS,CURBED HEIGHTS,CURBED HEIGHTS,CURBED HEIGHTS,CURBED HEIGHTS,CURBED HEIGHTS
feText_CatTrackInfo05,FLYING FINISH,FLYING FINISH,FLYING FINISH,FLYING FINISH,FLYING FINISH,FLYING FINISH,FLYING FINISH
feText_CatTrackInfo06,SECRET SIX,SECRET SIX,SECRET SIX,SECRET SIX,SECRET SIX,SECRET SIX,SECRET SIX
feText_CatTrackInfo07,THE SANDWINDER,THE SANDWINDER,THE SANDWINDER,THE SANDWINDER,THE SANDWINDER,THE SANDWINDER,THE SANDWINDER
feText_CatTrackInfo08,ROUGHDUST FLATS,ROUGHDUST FLATS,ROUGHDUST FLATS,ROUGHDUST FLATS,ROUGHDUST FLATS,ROUGHDUST FLATS,ROUGHDUST FLATS
feText_CatTrackInfo09,THE LOOPBACK,THE LOOPBACK,THE LOOPBACK,THE LOOPBACK,THE LOOPBACK,THE LOOPBACK,THE LOOPBACK
feText_CatTrackInfo10,INTERSECTOR,INTERSECTOR,INTERSECTOR,INTERSECTOR,INTERSECTOR,INTERSECTOR,INTERSECTOR
feText_CatTrackInfo11,RISE'N'FALL,RISE'N'FALL,RISE'N'FALL,RISE'N'FALL,RISE'N'FALL,RISE'N'FALL,RISE'N'FALL
feText_CatTrackInfo12,WIDE WALL CHASE,WIDE WALL CHASE,WIDE WALL CHASE,WIDE WALL CHASE,WIDE WALL CHASE,WIDE WALL CHASE,WIDE WALL CHASE
feText_CatTrackInfo13,CURB CITY CIRCUIT,CURB CITY CIRCUIT,CURB CITY CIRCUIT,CURB CITY CIRCUIT,CURB CITY CIRCUIT,CURB CITY CIRCUIT,CURB CITY CIRCUIT
feText_CatTrackInfo14,WATERFRONT DASH,WATERFRONT DASH,WATERFRONT DASH,WATERFRONT DASH,WATERFRONT DASH,WATERFRONT DASH,WATERFRONT DASH
feText_CatTrackInfo15,FREEFALL FREEWAY,FREEFALL FREEWAY,FREEFALL FREEWAY,FREEFALL FREEWAY,FREEFALL FREEWAY,FREEFALL FREEWAY,FREEFALL FREEWAY
feText_CatTrackInfo16,HIGH ROLLER,HIGH ROLLER,HIGH ROLLER,HIGH ROLLER,HIGH ROLLER,HIGH ROLLER,HIGH ROLLER
feText_CatTrackInfo17,HIGHFLY CLEARWAY,HIGHFLY CLEARWAY,HIGHFLY CLEARWAY,HIGHFLY CLEARWAY,HIGHFLY CLEARWAY,HIGHFLY CLEARWAY,HIGHFLY CLEARWAY
feText_CatTrackInfo18,HELIPAD HEIGHTS,HELIPAD HEIGHTS,HELIPAD HEIGHTS,HELIPAD HEIGHTS,HELIPAD HEIGHTS,HELIPAD HEIGHTS,HELIPAD HEIGHTS
feText_CatTrackInfo19,SUNKEN SIGHTS,SUNKEN SIGHTS,SUNKEN SIGHTS,SUNKEN SIGHTS,SUNKEN SIGHTS,SUNKEN SIGHTS,SUNKEN SIGHTS
feText_CatTrackInfo20,DUST BUSTER,DUST BUSTER,DUST BUSTER,DUST BUSTER,DUST BUSTER,DUST BUSTER,DUST BUSTER
feText_CatTrackInfo21,TWINLOOP CIRCUIT,TWINLOOP CIRCUIT,TWINLOOP CIRCUIT,TWINLOOP CIRCUIT,TWINLOOP CIRCUIT,TWINLOOP CIRCUIT,TWINLOOP CIRCUIT
feText_CatTrackInfo22,SNAKESTORM,SNAKESTORM,SNAKESTORM,SNAKESTORM,SNAKESTORM,SNAKESTORM,SNAKESTORM
feText_CatTrackInfo23,SKYTOP SPEED CIRCUIT,SKYTOP SPEED CIRCUIT,SKYTOP SPEED CIRCUIT,SKYTOP SPEED CIRCUIT,SKYTOP SPEED CIRCUIT,SKYTOP SPEED CIRCUIT,SKYTOP SPEED CIRCUIT
feText_CatTrackInfo24,THE CHRONOZONE,THE CHRONOZONE,THE CHRONOZONE,THE CHRONOZONE,THE CHRONOZONE,THE CHRONOZONE,THE CHRONOZONE
feText_CatTrackInfoStunt,STUNT BOWL,STUNT BOWL,STUNT BOWL,STUNT BOWL,STUNT BOWL,STUNT BOWL,STUNT BOWL
feText_ComponentInfoMAX,<>,<>,<>,<>,<>,<>,<>
feText_NoControllers,<>,<>,<>,<>,<>,<>,<>
feText_ControllerFailed,<>,<>,<>,<>,<>,<>,<>
feText_SponsorName01,TGR,TGR,TGR,TGR,TGR,TGR,TGR
feText_SponsorName02,R-LINE,R-LINE,R-LINE,R-LINE,R-LINE,R-LINE,R-LINE
feText_SponsorName03,ITEX,ITEX,ITEX,ITEX,ITEX,ITEX,ITEX
feText_SponsorName04,CALTEX,CALTEX,CALTEX,CALTEX,CALTEX,CALTEX,CALTEX
feText_SponsorName05,TITAN,TITAN,TITAN,TITAN,TITAN,TITAN,TITAN
feText_SponsorName06,MYSUKO,MYSUKO,MYSUKO,MYSUKO,MYSUKO,MYSUKO,MYSUKO
feText_SponsorInfoMIN,<>,<>,<>,<>,<>,<>,<>
feText_SponsorInfo01,TGR manufacture car chassis and drive systems.,TGR maakt chassis en aandrijfsystemen voor auto's.,TGR stellt Chassis und Antriebssysteme.,TGR tillverkar chassier och kraftöverföringssystem.,TGR produce telai e sistemi di trasmissione.,TGR manufactura chasis de coches|y sistemas de conducción.,TGR est un fabricant de châssis et de transmissions.
feText_SponsorInfo02,"R-Line develop and produce a range of tyres designed for Grip, Stunts or Speed.","R-Line ontwikkelt en maakt banden die ontworpen zijn voor grip, stunts en snelheid.","R-Line entwickelt und produziert eine große Auswahl an Reifen für Grip, Stunt oder Speed.","R-Line utvecklar och tillverkar däckserier avsedda för grepp,|stunts eller höga farter.",R-LINE è specializzata nello sviluppo di gomme e pneumatici per ogni superficie.,"R-Line desarrolla y fabrica una gama de neumáticos diseñados para la adherencia, Stunts o la velocidad.","R-Line développe et produit toute|une gamme de pneus conçus|pour l'adhérence, les cascades|ou la vitesse."
feText_SponsorInfo03,"ITEX are responsible for Brakes, Shocks and Gears.","ITEX is verantwoordelijk voor remmen, schokbrekers en versnellingen.","ITEX sind für Bremsen, Stoßdämpfer und Getriebe verantwortlich.","ITEX är ansvariga för bromsar, stötdämpare och växellådor.","ITEX è un produttore di freni, ammortizzatori e cambi.","ITEX es responsable de los frenos, los choques y las marchas.","ITEX est réputé pour ses freins,|ses amortisseurs et ses|boîtes de vitesses."
feText_SponsorInfo04,CALTEX make the motors and engines. The beating heart of the Stunt GP RCs.,CALTEX maakt de motoren. Het kloppende hart van de Stunt GP RC's.,CALTEX stellt Motoren und Maschinen her. Das pochende Herz der Stunt GP-Rennen.,"CALTEX tillverkar motorer, hjärtat i Stunt GP:s racerbilar.",CALTEX si occupa di tutti i motori che muovono i bolidi di Stunt GP.,CALTEX fabrica los motores. El corazón latente de RC de Stunt GP.,CALTEX est le fabricant des nombreux moteurs qui équipent les voitures de Stunt GP.
feText_SponsorInfo05,TITAN's energy technology produces the batteries that are the lifeblood of the cars.,De energietechnologie van TITAN zorgt voor de batterijen; het levensbloed van de auto's.,"TITANs Energietechnologie stellt die Batterien her, die die Autos zum Leben erwecken.",TITAN:s energiteknik tillverkar de batterier som utgör livsnerven i bilarna.,TITAN sviluppa le batterie che alimentano tutte le vetture di gara.,La tecnología de energía de TITAN produce las baterías que son la sangre de los coches.,TITAN produit les batteries qui fournissent l'énergie vitale de vos voitures radiocommandées.
feText_SponsorInfo06,MYSUKO is the company behind the incredible StuntBoost system and the new BMS systems.,MYSUKO is het brein achter het formidabele StuntBoost-systeem en|de nieuwe BMS-systemen.,MYSUKO ist die Firma hinter dem unglaublichen StuntBoost-System und dem neuen Brems-Management-System.,MYSUKO är företaget bakom det fantastiska StuntBoost-systemet och de nya BMS-systemen.,MYSUKO produce entrambi i sistemi turbo e BMS.,MYSUKO es la empresa que|fabrica los increíbles sistemas de propulsión de Stunt y los nuevos sistemas BMS.,MYSUKO est la société qui a créé les incroyables systèmes StuntBoost ainsi que les systèmes BMS.
feText_SponsorInfoMAX,<>,<>,<>,<>,<>,<>,<>
feText_TextSplashMIN,<>,<>,<>,<>,<>,<>,<>
feText_TextSplashMAX,<>,<>,<>,<>,<>,<>,<>
feText_UnlockSplashMIN,<>,<>,<>,<>,<>,<>,<>
feText_UnlockSplashMAX,<>,<>,<>,<>,<>,<>,<>
feText_stuntprescreen,You have 90 seconds to score as many Aeromiles as possible. Perform stunts to boost your score.,Je hebt 90 seconden om zoveel mogelijk Aeromiles te scoren. Stunt eens flink om je score te verhogen.,"Du hast 90 Sekunden, so viele Flugmeilen wie möglich zu erzielen. Treibe mit Stunts deine Punkte in neue Dimensionen.",Du har 90 sekunder på dig att plocka så många flygpoäng som möjligt. Om du utför stunts får du fler poäng.,Hai 90 secondi per coprire quante più aeromiglia possibile. Effettua delle evoluzioni per migliorare il tuo punteggio.,Dispones de 90 segundos para conseguir tantas aeromillas como sea posible. Lleva a cabo acrobacias para aumentar tu puntuación. ,Vous avez 90 secondes pour réaliser le plus d'Aéro-Miles possible. Effectuez des cascades pour augmenter votre score.
feText_currenthigh,The current Stuntbowl record is held by %s with a score of %d.,Het huidige Stuntbowl-record is in handen van %s met een score van %d .,Der momentane Rekord im Stuntbowl wird von %s mit einer Punktzahl von %d gehalten.,Det nuvarande Stuntbowl-rekordet på %d  poäng innehas av %s.,L'attuale record dello Stuntbowl è detenuto da %s con il punteggio di %d .,El récord actual de Stuntbowl lo tiene %s con una puntuación de %d .,Le record de Stuntbowl est détenu par %s avec un score de %d.
feText_stuntstart,Press ENTER to start the Stuntbowl challenge.,Druk op ENTER voor de Stuntbowl-uitdaging.,"Drücke die Taste EINGABE,|um im Stuntbowl zu starten.",Tryck på RETUR för att starta|Stuntbowl-utmaningen.,Premi INVIO per iniziare la sfida dello StuntBowl.,Pulsa INTRO para comenzar el|desafío de Stuntbowl.,Appuyez sur ENTREE pour commencer|le défi Stuntbowl.
feText_carunlockarcade, Congratulations! %s is now available for use in Arcade Exhibition  Championship and Multiplayer Modes!,"Gefeliciteerd! %s is nu|beschikbaar in de modi Arcade,|Show, Kampioenschap en Meerspeler!","Glückwunsch! %s kann|nun in den Modi Arcade, Einzelrennen, Meisterschaft|und Mehrspieler benutzt werden!","Gratulerar! Du kan nu använda|%s i Arkad, Uppvisning,|GP-Mästerskap och Multiplayer.","Congratulazioni! %s è adesso disponibile per l'esibizione, l'arcade, il campionato e le modalità multigiocatore!",¡Felicidades! %s está disponible para usarlo en los modos Arcade Exhibición Campeonato y Multijugador ,"Félicitations ! %s est|maintenant disponible dans les modes|Arcade, Exhibition, Championnat et Multijoueur!"
feText_carunlocktimetrial, Congratulations! %s is now available for use in Time Trial  Exhibition and Multiplayer Modes!,"Gefeliciteerd! %s is nu beschikbaar|in de modi Tijdrit, Show en Meerspeler!","Glückwunsch! %s kann|nun in den Modi Zeitfahren, Einzelrennen|und Mehrspieler benutzt werden!","Gratulerar! Du kan nu använda %s|i Tidsträning, Uppvisning och Multiplayer.","Congratulazioni! %s|è adesso disponibile per la sfida|sul tempo, l'esibizione e le|modalità multigiocatore!",¡Felicidades! %s está disponible para usarlo en los modos Ensayo Exhibición y Multijugador ,"Félicitations ! %s est|maintenant disponible dans les modes|Contre la montre, Exhibition et Multijoueur!"
feText_carunlockgeneral, Congratulations! %s is now available for use in Exhibition and Multiplayer Modes!,Gefeliciteerd! %s is nu|beschikbaar voor gebruik in de modi Show en Meerspeler!,Glückwunsch! %s kann|nun in den Modi Einzelrennen und|Mehrspieler benutzt werden!,Gratulerar! Du kan nu använda|%s i Uppvisning och Multiplayer.,Congratulazioni! %s|è adesso disponibile per l'esibizione|e le modalità multigiocatore!,¡Felicidades! %s está|disponible para usarlo en los modos|Exhibición y Multijugador ,Félicitations ! %s|est maintenant disponible dans les|modes Exhibition et Multijoueur!
feText_carunlockspecial, Congratulations! %s is now available for Championship  Exhibition and Multiplayer Modes!,"Gefeliciteerd! %s is nu beschikbaar in de modi Kampioenschap, Show en Meerspeler!","Glückwunsch! %s kann nun|in den Modi Meisterschaft, Einzelrennen|und Mehrspieler benutzt werden!","Gratulerar! Du kan nu använda|%s i GP-Mästerskap,|Uppvisning och Multiplayer.","Congratulazioni! %s è adesso disponibile per l'esibizione, il campionato e le modalità multigiocatore!",¡Felicidades! %s está disponible para usarlo en los modos Campeonato  Exhibición y Multijugador ,"Félicitations ! %s est maintenant disponible dans les modes Championnat, Exhibition et Multijoueur!"
feText_trackunlockarcade, Congratulations! %s is now available for use in Exhibition Mode!,Gefeliciteerd! %s is nu|beschikbaar in de Show!,Glückwunsch! %s kann|nun in den Modi Einzelrennen benutzt werden!,Gratulerar! Du kan nu använda|%s i Uppvisning.,Congratulazioni! %s|è adesso disponibile per l'esibizione!,¡Felicidades! %s está|disponible para usarlo en los modos|Exhibición.,Félicitations ! %s est maintenant disponible dans les|modes Exhibition!
feText_trackunlockarcadetime, Congratulations! %s is now available in Time Trial  and Exhibition Modes!,Gefeliciteerd! %s is nu beschikbaar|in de modi Tijdrit en Show!,"Glückwunsch! %s kann|nun in den Modi Zeitfahren, Einzelrennen|und benutzt werden!",Gratulerar! Du kan nu använda %s|i Tidsträning och Uppvisning.,Congratulazioni! %s|è adesso disponibile per la sfida|sul tempo e le modalità l'esibizione!,¡Felicidades! %s está disponible para usarlo en los modos Ensayo y Exhibición! ,Félicitations ! %s est|maintenant disponible dans les modes|Contre la montre et Exhibition!
feText_Championshippostrace1, Congratulations! You finished first!,Gefeliciteerd! Je kwam als eerste binnen!,Gratulation! Du bist als Erster ins Ziel gekommen!,Gratulerar! Du vann!,Congratulazioni! Hai finito la gara al primo posto!,¡Felicidades! ¡Has acabado el primero!,Félicitations ! Vous avez terminé premier!
feText_Championshippostrace2, Nice try! You finished in second place.,Niet gek! Je kwam als tweede binnen.,Guter Versuch! Du hast als Zweiter abgeschlossen.,Bra jobbat! Du kom på andra plats.,Bel tentativo! Hai concluso al secondo posto.,¡Buen intento! Has acabado en segundo lugar.,Bien joué ! Vous avez terminé second.
feText_Championshippostrace3, Unlucky! You came in third place.,Jammer! Je kwam als derde binnen.,Pech! Du bist als Dritter angekommen.,Otur! Du kom trea.,Peccato! Sei arrivato terzo.,¡Mala suerte! Has llegado en tercer lugar.,Pas de chance ! Vous avez fini troisième.
feText_Championshippostrace4, You finished fourth.,Je kwam als vierde binnen.,Du bist Vierter.,Du kom på fjärde plats.,Ti sei qualificato quarto.,Has acabado cuarto.,Vous avez terminé quatrième.
feText_Championshippostrace5, You came in fifth position.,Je kwam als vijfde binnen.,Du bist auf der fünften Position gelandet.,Du kom på femte plats.,Hai chiuso al quinto posto.,Has llegado en la quinta posición.,Vous avez terminé cinquième.
feText_Championshippostrace6, Unfortunately you finished in last position.,Helaas kwam je als laatste over de streep.,"So ein Pech, du bist Letzter geworden.",Du kom tyvärr sist.,Purtroppo sei arrivato ultimo.,Por desgracia has llegado el último. ,"Hélas, vous êtes arrivé à la dernière position."
feText_championshippointsaward, Championship Points won : %d,Gewonnen kampioenschapspunten: %d,Erzielte Meisterschaftspunkte: %d,Antal mästerskapspoäng: %d,Punti campionato vinti: %d,Puntos de campeonato ganados: %d,Points gagnés au Championnat : %d
feText_championshipcashaward, Cash award : %d,Geldprijs %d,Geldbetrag %d,Prispengar: %d,Soldi accreditati: %d,%d dinero obtenido ,Bonus de crédits %d
feText_stuntbonustitle, Stunt Bowl Bonus Challenge.,Stuntbowl-bonusuitdaging,Stuntbowl-bonusrunde,Stunt Bowl Bonusutmaning,Sfida bonus StuntBowl,Bonificación de desafío de Stunt Bowl,Défi Bonus Stuntbowl
feText_stuntbonusprescreen,You have %d seconds to score as many Aeromiles as possible. Perform stunts to boost your score.,Je hebt %d seconden om zoveel mogelijk Aeromiles te scoren. Stunt eens flink om je score te verhogen.,"Du hast %d Sekunden, so viele Flugmeilen wie möglich zu erzielen. Treibe mit Stunts deine Punkte in neue Dimensionen.",Du har %d sekunder på dig att plocka så många flygpoäng som möjligt. Om du utför stunts får du fler poäng.,Hai %d secondi per coprire quante più aeromiglia possibili. Effettua delle evoluzioni per migliorare il tuo punteggio.,Dispones de %d segundos para conseguir tantas aeromillas como sea posible. Realiza acrobacias para aumentar la puntuación. ,Vous avez %d secondes pour réaliser le plus d'Aéro-Miles possible. Effectuez des cascades pour augmenter votre score.
feText_stuntbonusaward, Earn cash awards for big scores!,Verdien geldprijzen voor hoge scores!,Bei hohen Punktzahlen bekommst du Bares!,Plocka många poäng och tjäna pengar!,Aggiudicati dei soldi per grandi punteggi!,Gana dinero por muchos puntos. ,Gagnez des crédits si votre score est élevé!
feText_stuntbonusstart,Press ENTER to start the challenge.,Druk op ENTER om de uitdaging te starten.,Drücke die Taste EINGABE zum Starten.,Tryck på RETUR för att starta utmaningen.,Premi INVIO per iniziare la nuova sfida.,Pulsa INTRO para comenzar el desafío.,Appuyez sur ENTREE pour commencer le défi.
feText_stuntbonuscomplete, You scored a total of %d Aeromiles during your Stuntbowl Bonus Challenge.,Je scoorde in totaal %d Aeromiles tijdens je Stuntbowl-bonusuitdaging.,Du hast insgesamt %d Flugmeilen während der Stuntbowl-Bonusrunde erreicht.,Du fick totalt %d flygpoäng i Stuntbowl Bonusutmaningen.,Hai fatto segnare %d aeromiglia durante la sfida bonus StuntBowl.,Has conseguido un total de %d aeromillas durante tu bonificación de desafío de Stuntbowl.,Vous avez réalisé un total de %d Aéro-Miles pendant votre défi bonus Stuntbowl.
feText_stuntteamcashaward, This total will be added to your funds.,Dit totaal wordt bij je kapitaal opgeteld.,Diese Summe wird deinem Geld hinzugefügt.,Dessa poäng läggs till dina tillgångar.,Questo totale è stato aggiunto ai tuoi fondi.,Este total se añadirá a tus fondos.,Ce total sera ajouté à vos crédits.
feText_stuntbonuscontinue, Press ENTER to return to the Championship Menu.,Druk op ENTER om naar het Kampioenschapsmenu terug te gaan.,"Drücke die Taste EINGABE, um zurück in das Meisterschaftsmenü zu gelangen.",Tryck på RETUR för att gå tillbaka till mästerskapsmenyn.,Premi INVIO per tornare al menu Campionato.,Pulsa INTRO para regresar al menú de campeonato.,Appuyez sur ENTREE pour revenir au menu Championnat.
feText_championshipfinalrace, Congratulations you have qualified to enter a special bonus race. Win this race to unlock the WORMSMOBILE!,"Gefeliciteerd, je hebt je voor een speciale bonusrace gekwalificeerd. Win deze race om de WORMSMOBILE te ontgrendelen!","Glückwunsch, du hast dich für ein spezielles Bonusrennen qualifiziert. Wenn du dieses Rennen gewinnst, kannst du über das WORMSMOBIL verfügen!","Gratulerar, du har kvalificerat dig för ett speciellt bonuslopp. Om du vinner detta lopp får du tillgång till WORMSMOBILE!","Congratulazioni, ti sei qualificato per una speciale corsa bonus. Vinci questa gara per sbloccare la WORMSMOBILE!","Felicidades, te has calificado para entrar en una carrera de bonificación especial. Gana esta carrera para acceder a GUSANOS MÓVILES",Félicitations ! Vous vous êtes qualifié pour la course bonus. Remportez-la pour accéder à la WORMSMOBILE!
feText_championshipfinalaward, Finish high in the field for big points bonus!,Eindig vooraan in het veld voor een smak bonuspunten!,Schließe das Rennen als einer der ersten ab und du bekommst viele Bonuspunkte!,Om du får en bra placering får du många bonuspoäng!,Finisci in alto per ottenere punti bonus!,¡Si consigues acabar en buena posición obtendrás puntos de bonificación!,Terminez bien classé pour obtenir des points de bonus!
feText_championshipfinalcontinue, Press ENTER to continue.,Druk op ENTER te hervatten.,Drücke die Taste EINGABE,Tryck på RETUR ,Premi INVIO per scendere,Pulsa INTRO para continuar,Appuyez sur ENTREE pour continuer.
feText_Controllernote1, Press ENTER to set Control Mode configuration.,Druk op ENTER om de Control Mode-configuratie in te stellen.,"Drücke die Taste EINGABE, um die Steuerung einzustellen.",Tryck på RETUR för att konfigurera styrenheter.,Premi INVIO per impostare la configurazione di controllo.,Pulsa INTRO para establecer la configuración del modo control.,Appuyez sur ENTREE pour choisir un mode de configuration.
feText_Controllernote2, Use left and right to toggle configuration.,Gebruik links en rechts om tussen configuraties te schakelen.,Links/Rechts zum Wählen der Einstellung.,Byt konfiguration genom att gå till vänster eller höger.,Usa sinistra/destra per cambiare le configurazioni.,Usa izq. y dcha. para cambiar la configuración.,Appuyez sur droite et gauche pour modifier la configuration.
feText_Controllernote3, Use up and down to toggle vibration status.,Gebruik omhoog en omlaag om tussen trilstatussen te schakelen.,Oben/Unten zum Ein-/Ausschalten der Vibration.,Ändra vibrationsstatus genom att gå upp eller ner.,Usa su/giù per attivare la modalità vibrazione.,Arriba y abajo cambia la vibración.,Appuyez sur haut et bas pour activer / désactiver les vibrations.
feText_Controllernote4,ESC returns to the options once all controllers are set.,"Zijn de controllers ingesteld, druk dan op de ESC om naar de opties te gaan.",Drücke die Taste ESC nach Abschluss der Einstellungen.,Tryck på ESC för att gå till alternativ när du är färdig.,TASTO B per tornare alle opzioni dopo aver impostato i controller.,ESC te devuelve a las opciones una vez establecidos todos los mandos de control.,Appuyez sur ESC pour revenir au menu des options.
feText_arcadetop10, Arcade Mode Top 10 Scores,Top-10 van Arcade-modus,Arcade Rangliste - Top 10,Topp 10 i arkaden,Classifica Arcade - Top 10,10 mejores puntuaciones del modo arcade ,Mode Arcade - 10 meilleurs scores
feText_recordsexit, Press ESC to return to the Records options.,Druk op ESC om naar de Recordsopties terug te gaan.,"Drücke die Taste ESC, um zurück in die Rekordoptionen zu gelangen.",Tryck på ESC för att gå tillbaka till statistiken.,Premi ESC per tornare alle opzioni dei record.,Pulsa ESC para regresar a las opciones de records.,Appuyez sur ESC pour retourner à l'option Records.
feText_timetrialtop10, Time Trial Record Laps  %s,Recordronden in Tijdrit %s,Zeitfahren-Rekordrunden %s,Varvrekord i tidsträning  %s,Record sfida sul tempo giri %s,Vueltas records de ensayo %s,Meilleurs tours Contre la montre  %s
feText_championshipaltpage, Use left and right to view record pages.,Gebruik links en rechts om recordpagina's te bekijken.,"Drücke links und rechts auf dem Steuerkreuz, um die Rekorde anzuschauen.",Gå till vänster eller höger för att studera statistik.,Usa sinistra/destra per visualizzare le pagine dei record.,Utiliza las flechas de izquierda y derecha para ver las páginas de récord.,Appuyez sur gauche et droite pour voir les pages de records.
feText_recordsquit, Press ESC to return to the Records options.,Druk op ESC om naar de Recordsopties terug te gaan.,"Drücke die Taste ESC, um zurück in die Rekordoptionen zu gelangen.",Tryck på ESC för att gå tillbaka till statistiken.,Premi ESC per tornare alle opzioni dei record.,Pulsa ESC para regresar a las opciones de records. ,Appuyez sur ESC pour retourner à l'option Records.
feText_stuntbowltop10, Stunt Challenge Top 10 Scores,Top-10 van Stuntuitdaging,Stuntmodus-Rangliste - Top 10,Topp 10 i stuntutmaningen,Classifica Sfida Acrobatica - Top 10,10 mejores puntuaciones de desafío de Stunt ,Scores défi Stunt - Top 10
feText_recordsleave, Press ESC to return to the Records options.,Druk op ESC voor de Stuntbowl-uitdaging.,"Drücke die Taste ESC, um zurück in die Rekordoptionen zu gelangen.",Tryck på ESC för att gå tillbaka till statistiken.,Premi ESC per tornare alle opzioni dei record.,Pulsa ESC para regresar a las opciones de records.,Appuyez sur ESC pour retourner à l'option Records.
feText_championshiptop10scores, Top 10 Championship Scores,Top-10 van Kampioenschap,Meisterschaftsmodus Top 10,Topp 10 i GP-mästerskapet,Classifica Campionato - Top 10,10 mejores puntuaciones de campeonato ,Scores Championnat - Top 10
feText_championshiptop10cash, Top 10 Championship Cash Totals,Top-10 van geldtotalen in Kampioenschap,Meisterschaftsmodus Top 10 - Preisgelder,Topp 10 intjänade prispengar i mästerskapet,Classifica Soldi Campionato - Top 10,10 mejores premios de dinero de campeonato ,Scores Championnat (Crédits) - Top 10
feText_championshipaltpage2, Use left and right to view record pages.,Gebruik links en rechts om recordpagina's te bekijken.,"Drücke links und rechts auf dem Steuerkreuz, um die Rekorde anzuschauen.",Gå till vänster eller höger för att studera statistik.,Usa sinistra/destra per scorrere le pagine dei record.,Utiliza las flechas de izquierda y derecha para ver las páginas de records.,Appuyez sur gauche et droite pour voir les pages de records.
feText_recordsreturn, Press ESC to return to the Records options.,Druk op ESC om weer naar de Records-opties te gaan.,"Drücke die Taste ESC, um zurück in die Rekordoptionen zu gelangen.",Tryck på ESC för att gå tillbaka till statistiken.,Premi ESC per tornare alle opzioni dei record.,Pulsa ESC para regresar a las opciones de records.,Appuyez sur ESC pour retourner à l'option Records.
feText_quickracepost, Quick Race Score Table,Scoretabel voor Snelle race,Schnelles Rennen Rangliste,Resultat snabblopp,Risultati della corsa veloce,Tabla de puntuación de carrera rápida ,Scores Course rapide
feText_quickracepostp1, Player One,Speler één,Spieler Eins,Spelare ett,Giocatore uno,Jugador Uno,Joueur Un
feText_quickracepostp2, Player Two,Speler twee,Spieler Zwei,Spelare två,Giocatore due,Jugador Dos,Joueur Deux
feText_quickracepostp3, Player Three,Speler drie,Spieler Drei,Spelare tre,Giocatore tre,Jugador Tres,Joueur Trois
feText_quickracepostp4, Player Four,Speler vier,Spieler Vier,Spelare fyra,Giocatore quattro,Jugador Cuatro,Joueur Quatre
feText_quickraceoptions,ENTER to race   ESC to return to Main Menu.,ENTER  te racen of ESC om Hoofdmenu.,EINGABE für Neustart oder ESC Hauptmenü., RETUR för att köra igen ESC för Huvudmenyn.,INVIO per correre ancora o ESC Menu principale.,INTRO para competir de nuevo o ESC para Menú principal.,ENTREE courir à nouveau. ESC Menu principal.
feText_tournamenttitle, Stunt GP Tournament Mode Configuration,Stunt GP-configuratie voor tournooimodus,Einstellungen Stunt GP-Meisterschaftsmodus,Inställningar för Stunt GP-serien,Configurazione torneo Stunt GP,Configuración del modo de torneo de Stunt GP ,Configuration du mode Tournoi de Stunt GP
feText_tournamentcaroption1, Vehicles: Random,Voertuigen: Willekeurig,Fahrzeuge: Zufall,Fordon: Slumpmässigt utvalda,Veicoli: casuali,Vehículos: Aleatorio,Véhicule : aléatoire
feText_tournamentcaroption2, Vehicles: Select,Voertuigen: Selecteren,Fahrzeuge: Auswahl,Fordon: Välj själv,Veicoli: scelti,Vehículos: Seleccionar,Véhicule : au choix
feText_tournamenttrackoption1, Tracks: Random,Banen: Willekeurig,Kurse: Zufall,Banor: Slumpmässigt utvalda,Tracciati: casuali,Pistas: Aleatorio,Circuit : aléatoire
feText_tournamenttrackoption2, Tracks: Select,Banen: Selecteren,Kurse: Auswahl,Banor: Välj själv,Tracciati: scelti,Pistas: Seleccionar,Circuit : au choix
feText_tournamentlaps1, Laps: 3 (Short),Ronden: 3 (Kort),Runden: 3 (Kurz),Antal varv: 3 (kort),Giri: 3 (gara breve),Vueltas: 3 (Corto),Tours : 3 (Court)
feText_tournamentlaps2, Laps: 5 (Medium),Ronden: 5 (Gemiddeld),Runden: 5 (Mittel),Antal varv: 5 (medel),Giri: 5 (gara media),Vueltas: 5 (Medio),Tours : 5 (Moyen)
feText_tournamentlaps3, Laps: 9 (Long),Ronden: 9 (Lang),Runden: 9 (Lang),Antal varv: 9 (lång),Giri: 9 (gara lunga),Vueltas: 9 (Largo),Tours : 9 (Long)
feText_tournamentscoring1, Scoring: Championship,Scoren: Kampioenschapsmodus,Punktesystem: Meisterschaft,Poängsättning: GP-mästerskap,Punteggio: modalità campionato,Puntos: Modo campeonato ,Score : mode Championnat
feText_tournamentscoring2, Scoring: Victory Mode,Scoren: Overwinningsmodus,Punktesystem: Siege,Poängsättning: Endast segraren,Punteggio: modalità vittorie,Puntuación: Modo victoria,Score : mode Victoire
feText_tournamentscoring3, Scoring: Points Mode,Scoren: Puntenmodus,Punktesystem: Punkte,Poängsättning: Alla deltagare,Punteggio: modalità a punti,Puntuación: Modo de puntos,Score : mode Point
feText_tournamentcpuai1, No CPU vehicles.,Geen CPU-voertuigen.,Keine CPU-Fahrzeuge.,Inga datorstyrda fordon.,Nessun veicolo CPU.,No vehículos CPU.,Pas d'adversaires CPU.
feText_tournamentcpuai2, CPU skill low.,CPU vaardigheid laag.,CPU-Fähigkeiten gering.,Nivå på datorstyrda bilar: låg,Livello CPU basso.,Habilidad de la CPU baja.,Niveau CPU faible.
feText_tournamentcpuai3, CPU skill medium.,CPU vaardigheid gemiddeld.,CPU-Fähigkeiten mittel.,Nivå på datorstyrda bilar: medel,Livello CPU medio.,Habilidad de la CPU media.,Niveau CPU moyen.
feText_tournamentcpuai4, CPU skill high.,CPU vaardigheid hoog.,CPU-Fähigkeiten hoch.,Nivå på datorstyrda bilar: hög,Livello CPU alto.,Habilidad de la CPU alta.,Niveau CPU élevé.
feText_tournamentrace1, 3 Races,3 races,3 Rennen,3 lopp,3 corse,3 carreras,3 Courses
feText_tournamentrace2, 5 Races,5 races,5 Rennen,5 lopp,5 corse,5 carreras,5 Courses
feText_tournamentrace3, 9 Races,9 races,9 Rennen,9 lopp,9 corse,9 carreras,9 Courses
feText_tournamentrace4, No Limit,Geen limiet,Keine Beschränkung,Obegränsat antal lopp,Nessun limite,Sin límite,Pas de limite
feText_tournamenttitle1, Multiplayer Tournament (Championship Scoring),Meerspelerstournooi (Kampioenschapsscore),Mehrspieler-Turnier (Punktesystem Meisterschaft),Multiplayerserie (poängfördelning som i mästerskapet),Torneo multigiocatore (punteggio campionato),Torneo de multijugador (Puntuación de campeonato),Tournoi multijoueur (Championnat)
feText_tournamenttitle2, Multiplayer Tournament (Victory Scoring),Meerspelerstournooi (Overwinningsscore),Mehrspieler-Turnier (Punktesystem Siege),Multiplayerturnering (endast segraren får poäng),Torneo multigiocatore (punteggio vittorie),orneo multijugador (Puntuación de victoria),Tournoi multijoueur (Victoire)
feText_tournamenttitle3, Multiplayer Tournament (Arcade Scoring),Meerspelerstournooi (Arcade-score),Mehrspieler-Turnier (Punktesystem Punkte),Multiplayerturnering (poängfördelning som i Arkaden),Torneo multigiocatore (punteggio arcade),Torneo multijugador (Puntuación de arcade),Tournoi multijoueur (Arcade)
feText_tournamenttable1, Scores after Race %d of %d.,Scores na Race %d van %d ,Punkte nach Rennen %d von %d.,Ställning efter lopp %d av %d.,Punteggio dopo la corsa %d di %d.,Puntos tras la carrera %d de %d.,Scores après %d courses sur %d
feText_tournamenttable2, Scores after Race %d.,Scores na Race %d ,Punkte nach Rennen %d.,Ställning efter lopp %d.,Punteggio dopo la corsa %d.,Puntos tras la carrera %d.,Scores après %d courses.
feText_tournamenttablehead, Player,Speler,Spieler,Spelare,Giocatore,Jugador,Joueur
feText_tournamenttablehead1, Points,Punten,Punkte,Poäng,Punti,Puntos,Points
feText_tournamenttablehead2, Victories ,Zeges,Siege,Segrar ,Vittorie,Victorias,Victoires
feText_tournamenttablehead3, Score,Score,Wertung,Poäng,Punteggio,Puntuación,Score
feText_tournamentcontinue, Press ENTER to continue to next race.,Druk op ENTER voor volgende race.,"Drücke die Taste EINGABE, um zum nächsten Rennen zu gelangen.",Tryck på RETUR för att gå vidare till nästa lopp.,Premi INVIO per passare alla gara successiva.,Pulsa INTRO para continuar con la siguiente carrera.,Appuyez sur ENTREE pour passer à la course suivante.
feText_tournamentfinal, Final Standings after Race %d.,Eindstand na Race %d ,Endstand nach Rennen %d.,Slutställning efter lopp %d.,Classifica finale dopo la corsa %d.,Resultado final después de la carrera %d.,Classement final après %d courses.
feText_tournamentaward1, Player one wins the tournament!,Speler één won het tournooi!,Spieler Eins gewinnt das Turnier!,Spelare ett vann serien!,Il giocatore 1 vince il torneo!,Jugador uno gana el torneo,Joueur Un gagne le tournoi !
feText_tournamentaward2, Player two wins the tournament! ,Speler twee won het tournooi!,Spieler Zwei gewinnt das Turnier!,Spelare två vann serien! ,Il giocatore 2 vince il torneo!,Jugador dos gana el torneo ,Joueur Deux gagne le tournoi !
feText_tournamentaward3, Player three wins the tournament! ,Speler drie won het tournooi!,Spieler Drei gewinnt das Turnier!,Spelare tre vann serien! ,Il giocatore 3 vince il torneo!,Jugador tres gana el torneo ,Joueur Trois gagne le tournoi !
feText_tournamentaward4, Player four wins the tournament!,Speler vier won het tournooi!,Spieler Vier gewinnt das Turnier!,Spelare fyra vann serien!,Il giocatore 4 vince il torneo!,Jugador cuatro gana el torneo ,Joueur Quatre gagne le tournoi !
feText_creditstitle, Stunt GP Development Credits,Credits Stunt GP-ontwikkeling,Credits Stunt GP,Stunt GP har utvecklats av,Riconoscimenti di sviluppo di Stunt GP,Créditos de desarrollo de Stunt GP ,Equipe de développement de Stunt GP
feText_creditslist1, Game Engine and Design: Pete Opdam,Programmering en ontwerp motoren: Pete Opdam,Programmierung und Entwicklung der Engine: Pete Opdam,Motorprogrammering och design: Pete Opdam,Programmazione motore: Pete Opdam,Programación y diseño del motor: Pete Opdam,Concepteur et programmeur principal : Pete Opdam
feText_creditslist2, Lead Modelling and Graphic Design: Danny Burke,Hoofdvormgeving  Graphics en ontwerp: Danny Burke,Leitender Modellgrafiker und Designer: Danny Burke,Huvudansvarig för modellering – grafik och design Danny Burke,Capo modellazione grafica: Danny Burke,Modelado principal Gráficos y diseño: Danny Burke,"Modélisation, graphismes et conception : Danny Burke"
feText_creditslist3, Support Programming: Karl Morton  Mark Gipson,Ondersteunende programmering: Karl Morton  Mark Gipson,Unterstützender Programmierer: Karl Morton  Mark Gipson,Övrig programmering: Karl Morton  Mark Gipson,Supporto alla programmazione: Karl Morton  Mark Gipson,Soporte de programación: Karl Morton  Mark Gipson,Programmation additionnelle : Karl Morton  Mark Gipson
feText_creditslist4, Track Design: Martyn Brown,Baanontwerp: Martyn Brown,Streckendesign: Martyn Brown,Bandesign: Martyn Brown,Progettazione piste: Martyn Brown,Diseño de pistas: Martyn Brown,Conception des circuits : Martyn Brown
feText_creditslist5, Music and Sound Effects: Bjorn Lynne,Muziek en geluidseffecten: Bjorn Lynne,Musik und Soundeffekte: Bjorn Lynne,Musik och ljudeffekter: Bjorn Lynne,Musica ed effetti sonori: Bjorn Lynne,Música y efectos sonoros: Bjorn Lynne,Musique et bruitages : Bjorn Lynne
feText_creditslist6, Graphics: Rory Little  Jan Ruud  Danny Cartwright,Graphics: Rory Little  Jan Ruud  Danny Cartwright,Grafiken: Rory Little  Jan Ruud  Danny Cartwright,Grafik: Rory Little  Jan Ruud  Danny Cartwright,Grafica: Rory Little  Jan Ruud  Danny Cartwright,Gráficos: Rory Little  Jan Ruud  Danny Cartwright,Graphismes: Rory Little  Jan Ruud  Danny Cartwright
feText_creditslist7, Additional Graphics: Paul Robinson  Patrick Romano  Mark Taylor,Aanvullende graphics: Paul Robinson  Patrick Romano  Mark Taylor,Zusätzliche Grafiken: Paul Robinson  Patrick Romano    Mark Taylor,Övrig grafik: Paul Robinson  Patrick Romano    Mark Taylor,Grafica addizionale: Paul Robinson  Patrick Romano  Mark Taylor,Gráficos adicionales: Paul Robinson  Patrick Romano  Mark Taylor,Graphismes supplémentaires : Paul Robinson  Patrick Romano  Mark Taylor
feText_creditslist8, Additional Music: Marc Pattison,Aanvullende muziek: Marc Pattison,Zusätzliche Musik: Marc Pattison,Övrig musik: Marc Pattison,Musica addizionale: Marc Pattison,Additional Music: Marc Pattison,Musique supplémentaire : Marc Pattison
feText_creditslist9, Artwork Post-Production: Neil South,Postproductie artwork: Neil South,Grafiknachbearbeitung: Neil South,Efterproduktion illustrationer: Neil South,Post-produzione grafica: Neil South,Post-producción de gráficos: Neil South,Post-Production graphique : Neil South
feText_creditslist10, Additional Modelling: Tony Senghore,Extra vormgeving: Tony Senghore,Weiteres Modelling: Tony Senghore,Övrig modellering: Tony Senghore,Modellazione addizionale: Tony Senghore,Modelado adicional: Tony Senghore,Modélisation supplémentaire : Tony Senghore
feText_creditslist11, QA Lead: Andy Aveyard  Kelvin Aston,Kwaliteitswaarborgleiding: Andy Aveyard  Kelvin Aston,QA-Leitung: Andy Aveyard  Kelvin Aston,Huvudansvariga för kvalitetssäkring: Andy Aveyard  Kelvin Aston,Capo CQ: Andy Aveyard  Kelvin Aston,Jefe del control de calidad: Andy Aveyard  Kelvin Aston,Testeurs principaux : Andy Aveyard  Kelvin Aston
feText_creditslist12, QA Support: Brian Fitzpatrick  Rob Henfrey,Kwaliteitswaarborgondersteuning: Brian Fitzpatrick  Rob Henfrey,QA-Support: Brian Fitzpatrick  Rob Henfrey,Övrig kvalitetssäkring: Brian Fitzpatrick  Rob Henfrey,Supporto CQ: Brian Fitzpatrick  Rob Henfrey,Soporte de control de calidad: Brian Fitzpatrick  Rob Henfrey,Assistants QA : Brian Fitzpatrick  Rob Henfrey
feText_creditslist13, QA Support: Jackson Li  Adrian Evans,Kwaliteitswaarborgondersteuning: Jackson Li  Adrian Evans,QA-Support: Jackson Li  Adrian Evans,Övrig kvalitetssäkring: Jackson Li  Adrian Evans,Supporto CQ: Jackson Li  Adrian Evans,Soporte de control de calidad: Jackson Li  Adrian Evans,Assistants QA : Jackson Li  Adrian Evans
feText_creditslist14, QA Manager: Paul Field,Kwaliteitswaarborgmanager: Paul Field,QA-Manager: Paul Field,Chef för kvalitetssäkring: Paul Field,Responsabile CQ: Paul Field,Director de control de calidad: Paul Field,Responsable QA : Paul Field
feText_creditslist15, Production and Support: Jamie Irvine  Craig Jones,Productie: Jamie Irvine  Craig Jones,Produktion: Jamie Irvine  Craig Jones,Produktion: Jamie Irvine  Craig Jones,Produzione: Jamie Irvine  Craig Jones,Producción: Jamie Irvine  Craig Jones,Production: Jamie Irvine  Craig Jones
feText_creditslist16, Executive Production and Design: Martyn Brown,Uitvoerend producent en ontwerp: Martyn Brown,Ausführender Produzent: Martyn Brown,Exekutiv produktion och design: Martyn Brown,Produttore esecutivo: Martyn Brown,Director de producción y diseño: Martyn Brown,Producteur exécutif et conception : Martyn Brown
feText_creditslist17,<>,<>,<>,<>,<>,<>,<>
feText_creditslist18,<>,<>,<>,<>,<>,<>,<>
feText_creditslist19,<>,<>,<>,<>,<>,<>,<>
feText_ControllerVibrationOFF,Vibration : OFF,Vibration : OFF,Vibration: EIN,Vibration: AV,Vibrazione: OFF,Vibración : NO,Vibrations : OUI
feText_ControllerVibrationON,Vibration : ON,Vibration : ON,Vibration: AUS,Vibration: PÅ,Vibrazione: ON,Vibración : SÍ,Vibrations : NON
feText_RecordsTitle,RECORDS MENU,MENU RECORDS,REKORDMENÜ,REKORDMENY,MENU RECORD,MENÚ RECORDS,MENU RECORDS
feText_RecordsHlp,View Stunt GP records and statistics.,Stunt GP-records en statistieken zien.,Stunt GP-Rekorde und Statistiken ansehen.,Visa Stunt GP-rekord och statistik.,Visualizzi record e statistiche di Stunt GP.,Ver records y estadísticas de Stunt GP.,Voir les statistiques et les records de Stunt GP.
feText_TTRecordsTitle,TIME TRIAL RECORDS,TIJDRIT-RECORDS,ZEITFAHRREKORDE,TIDSTRÄNINGSREKORD,RECORD SFIDA SUL TEMPO,RECORDS TIEMPO  ,RECORDS CONTRE LA MONTRE
feText_TTRecordsHlp,Please select the Track you want to View.,Selecteer de baan die je wilt zien.,Bitte den gewünschten Kurs wählen.,Välj vilken bana du vill titta på.,Seleziona la pista che vuoi visualizzare.,Selecciona la pista que quieras ver. ,Sélectionnez un circuit
feText_CampaignRecordsTitle,CHAMPIONSHIP RECORDS,KAMPIOENSCHAPRECORDS,MEISTERSCHAFTSREKORDE,MÄSTERSKAPSREKORD,RECORD CAMPIONATO,RECORDS CAMPEONATO,RECORDS CHAMPIONNAT
feText_CampaignRecordsHlp,Please select the Records you want to View.,Selecteer de records die je wilt zien.,Bitte gewünschte Rekorde wählen.,Välj vilka rekord du vill titta på.,Seleziona i record che vuoi visualizzare.,Selecciona los records que quieras ver.,Sélectionnez les Records que vous voulez voir.
feText_CampaignScoresStr,Scores : Top 10,Scores: Top 10,Punkte: Top 10,Poäng: Top 10,Punteggio : Top 10,Puntos : Top 10,Scores : Top 10
feText_CampaignMoneyStr,Cash Totals : Top 10,Geldtotaal: Top 10,Geld: Top 10,Prispengar: Top 10,Crediti : Top 10,Ttl dinero: Top 10,Total crédits : Top 10
feText_Pads2PressToJoin,START,START,START,START,START,INICIO,START
feText_Pads2PleaseWait,Please Wait,Even wachten,Bitte warten,Vänta,Attendere,Espera,Veuillez patienter
feText_Pads2Player1,1P,1P,1S,1P,1G,1J,1P
feText_Pads2Player2,2P,2P,2S,2P,2G,2J,2P
feText_Pads2Player3,3P,3P,3S,3P,3G,3J,3P
feText_Pads2Player4,4P,4P,4S,4P,4G,4J,4P
feText_TournamentOptHelp,Tournament configuration - select RACE to continue.,Toernooiconfiguratie - selecteer RACE om door te gaan.,Turnier-Konfiguration - wähle RENNEN zum Fortsetzen,Serieinställning - välj LOPP för att fortsätta.,Configurazione torneo - scegli CORSA per continuare.,Configuración del torneo - seleccionar CARR. para continuar.,Configuration du tournoi - appuyez sur COURIR pour continuer.
feText_MainQuitHlp,Quit Stunt GP.,Stunt GP afsluiten.,Stunt GP beenden.,Avsluta Stunt GP.,Esci da Stunt GP.,Salir de Stunt GP,Quitter Stunt GP.
feText_Controllernote3PC,Use up and down to change controller type.,Wijzig controllertype via omhoog en omlaag.,Oben/Unten wechseln den Controller.,Gå upp och ner för att byta styrenhet.,Scegli il tipo di Controller.,Arriba y abajo para cambiar el tipo de control,Haut et Bas pour changer de type de manette.
feText_OptionsResetStr,INITIALISE DATA,GEGEVENS INITIALISEREN,INITIALISIERE DATEN,INITIERA DATA,INIZIALIZZAZIONE DATI,INICIAR DATOS,INITIALISER LES DONNEES
feText_OptionsResetHlp,Reset all Options and Records.,Alle opties en records terugstellen.,Setzt alle Optionen und Rekorde zurück.,Återställ alternativ och statistik.,Rimuovi tutti i record e le opzioni.,Borrar opciones y records.,Mettez à zéro options et records.
feText_TournamentEndHlp,Tournament Complete - Press ENTER to continue.,Toernooi voltooid - Op A-KNOP drukken om door te gaan.,Turnier abgeschlossen - Drücke die Taste EINGABE zum Fortsetzen.,Serien avslutad. Tryck på RETUR för att fortsätta.,Torneo completato - Premi INVIO per continuare.,Torneo completado. Pulsa INTRO para continuar.,Tournoi terminé - Appuyez sur ENTREE pour continuer.
feText_CtrlOptMIN,<>,<>,<>,<>,<>,<>,<>
feText_CtrlOptMAX,<>,<>,<>,<>,<>,<>,<>
feText_CreditsStr,CREDITS,CREDITS,GUTSCHRIFTEN,UTVECKLATS,ACCREDITAMENTI,CRÉDITOS,EQUIPE DE DEVELOPPEMENT
feText_CreditsHlp,Stunt GP Development Credits,Credits Stunt GP-ontwikkeling,Credits Stunt GP,Stunt GP har utvecklats av,Riconoscimenti di sviluppo di Stunt GP,Créditos de desarrollo de Stunt GP ,Equipe de développement de Stunt GP
feText_CreditsMIN,<>,<>,<>,<>,<>,<>,<>
feText_CreditsMAX,<>,<>,<>,<>,<>,<>,<>
